title,price,review_point,pub_year_month,published_by,category,content
마키아벨리로부터 배우는 리더십,7650,8,2000-05-01,리치북스,인문,이 책의 저자는 마키아벨리의  정치적  도덕적인 자질을 들면서 마키아벨리의 사상을 위대하다고 말한다. 마키아벨리즘이란 권모술수주의라는 오해와 논란을 뒤엎으며 왜 세계의 지도자들은 마키아밸리를 필요로 하는지 설득력있는 어조로 이야기하고 있다.
예루살렘의 아이히만,19800,8.2,2006-10-01,한길사,인문,나치의 전범 아돌프 아이히만1906년 독일 졸링겐에서 태어난 아이히만은 1932년 비밀 나치당에 입당했고  같은 해 하인리히 히믈러가 조직한 나치 친위대(SS) 정예부대에 들어갔다. 히믈러가 국가안전국(RSHA)을 창설했을 때 베를린에 있는 유대인 담당부서에서 일하게 되었다. 1942년 1월 베를린 근교에서 나치 고위관리들...
차라투스트라는 이렇게 말했다,9900,8.6,2004-01-01,민음사,인문,민음사의 세계문학전집의 하나로 나온 『차라투스트라는 이렇게 말했다』는 인문서도 철학서도 아닌  시에 해당하는 분류로 갈라 놓았다. 시의 화자가 갖는 성격을  방랑하며 노래하는 시인이었음을 다시 한 번 인지한 것이다. 원문에 가장 가깝게 번역하고  니체에 관한 현란한 해석들로 독자들에게 하나의 정본을 마련해 ...
초역 니체의 말 ,12600,,2020-02-01,삼호미디어,인문,『초역 니체의 말』은 역사상 가장 위대한 철학자 중 하나로 꼽히는 프리드리히 니체의 글 가운데  철학과 종교에 관한 해설서의 명쾌함으로 정평이 나 있는 일본의 작가 시라토리 하루히코가 편번역을 맡아 엄선한 232편의 명언을 담은 책이다. 다소 어렵게 느껴졌던 기존 니체의 분위기에서 벗어나 대중에게 좀 더 가까이...
자유론,6930,9.4,2018-06-01,현대지성,인문,하버드대  옥스포드대  서울대 선정 필독 고전『자유론』은 오늘의 시대정신에 꼭 맞는 책이다!존 스튜어트 밀의 대표작인 『자유론』은 출간 된 지 150년이 지났음에도 여전히 큰 사랑을 받는 책이다. 아니  시간이 갈수록 더욱 큰 사랑을 받고  이 책의 가치는 점점 더 빛을 발한다. 이 책은 시민과 국가의 관계  즉 시민...
군주론,7920,8.9,2018-10-01,더클래식,인문,피렌체의 군주 메디치 가문에 바쳐진 문제작  마키아벨리의 『군주론』16세기에는 금서  21세기에는 지도자뿐 아니라 우리 모두가 읽어야 할 필독서“리더는 관대해야 할 때와 단호해야 할 때를 알아야 한다!”‘목적을 위해서라면 수단과 방법을 가리지 않는  파렴치한 권모술수’로 오해받았던 책. ‘세상에 신의 섭리 구...
자유론,8010,10,2018-03-01,책세상,인문,'시간과 공간을 넘어 읽는 이의 영혼을 울릴 것'  이것이야 말로 고전이 갖추어야 할 기본 덕목이 아닐까. 존 스튜어트 밀 John Stuart Mill의 《자유론On Libety》은 지금으로부터 150년 전쯤에 나온 책이다. 이 책은 그가 살았던 영국을 비롯 프랑스  독일 등 유럽의 독자들을 겨냥해 쓴 것이다. 그런데 밀의 《자유론》...
소피의 세계,24300,8.4,2015-12-01,현암사,인문,출간 20주년 기념 전면 개정판 『소피의 세계』전 세계에서 가장 많이 읽히고 가장 많이 팔린 철학책초보자를 위한 친절한 철학 이야기꾼 일상성에 매몰되어 있던 우리의 의식을 깨운다!방대한 서양 철학을 독특한 소설 구조 속에 녹여내어 많은 사람들에게 놀라움을 안겨주었던 『소피의 세계』가 20여 년 만에 전면 개정...
소크라테스의 변명&#183;크리톤&#183;파이돈&#183;향연,10350,9.6,2019-11-01,현대지성,인문,서양 철학의 근간이 된 소크라테스 사상의 정수를 한 권으로 만나다 그리스어 원전 완역본으로 읽는 인류 최고 지성인의 영원한 유산참된 진리 앞에서 죽음도 기쁘게 받아들인 탁월한 지성인이자 정의의 철학자  소크라테스의 사상을 한 권에 담았다. 소크라테스는 기원전 5세기경 상대주의적이고 실용적인 진리를 내세운 ...
아리스토텔레스 수사학,12600,9.4,2020-02-01,현대지성,인문,‘연설’에 관한 가장 체계적이고 분석적인 저서2 400년 동안 읽히고 연구되어 온 ‘설득의 기술’수사학은 다른 사람을 설득하기 위한 언어기법을 연구하는 학문의 한 분과이다. 정의를 현실 세계에서 실현하고자 했던 아리스토텔레스 사상의 관점에서 보자면  『수사학』은 그 정점에 있는 저술이다. 왜냐하면 수사학은 ...
초판본 군주론 Il Principe,8820,9.8,2019-10-01,더스토리,인문,『군주론』이란 어떤 책인가?‘목적을 위해서라면 수단과 방법을 가리지 않는  파렴치한 권모술수’로 오해받았던 책. ‘세상에 신의 섭리 구현 따위는 없고 권력쟁탈전의 승패만 있을 뿐’이라는 발언으로 교황청의 분노를 샀던 금서(禁書). 저자에게 ‘마키아벨리 같은machiavellian(권모술수에 능한  비열한)’이라는 불...
서양철학사 1,20700,8.7,2016-02-01,이학사,인문,철학사를 항해하는 데 함께할 최고의 길잡이!노르웨이의 교양 철학 교재에서 출발해 전 세계 14개 언어로 번역된시르베크와 길리에의 서양철학사  한국 최초 번역이 책은 노르웨이를 대표하는 철학자인 군나르 시르베크와 닐스 길리에가 함께 쓴 서양철학사로  1972년에 처음 노르웨이에서 출판된 후 7차례 개정판이 나왔고...
강신주의 감정수업,17550,8.8,2013-11-01,민음사,인문,대중과의 소통을 소중히 여기는 철학자 강신주 박사는 자아를 잃고 방황하는 현대인에게 지금 시급한 문제는 바로 자기 감정을 회복하는 일이라고 주장한다. 책에는 다년간의 상담 경험을 바탕으로 독자에게 전하고 싶은 어드바이스를 '철학자의 시선'으로 정제하여 담았다. 더불어 타인의 감정을 살피고 나의 감정을 들여...
니코마코스 윤리학,21600,8.8,2013-10-01,숲,인문,아리스토텔레스는 청년 시절에 스승 플라톤의 학원 ‘아카데메이아’(Akademeia)에서 20여 년을 학생 겸 교수로 공부하고 가르친 뒤 40대에 새로운 학원 ‘뤼케이온’(Lykeion)을 열어 당대의 젊은이들을 가르쳤다. 이 시기에 아리스토텔레스는 방대한 분량의 저술작업을 했는데  형이상학에서부터 윤리학·정치학·자연학까...
프로테스탄트 윤리와 자본주의 정신 (완역본),12420,9.1,2018-06-01,현대지성,인문,막스 베버의 대표작 독일어 원전 완역본마르크스 『자본론』과 함께 자본주의 논쟁의 양대 산맥국내 최초 ‘카를 피셔의 반박문과 베버의 답변’ 부록 수록막스 베버는 사회과학 분야에서 가장 유명하고  가장 파격적이며  논쟁이 끊이지 않는 작품을 남겼다. 그것은 바로 『프로테스탄트 윤리와 자본주의 정신』이다. 베버...
자본주의란 무엇인가,6300,,2006-08-01,책갈피,인문,모로코의 신생정부에서 경제부 장관으로 재직한 경제학자가 쓴『자본주의란 무엇인가』는 자본주의 경제와 사회 체제를 단순 명쾌하게 분석한 책으로 이 분야에 예비지식이 없는 사람이라도 읽을 수 있게 하는 것이 이 책의 목적이다. 그리고 근본적 구조와 작동원리에 국한해 자본주의 사회를 일관성 있게 보는 관점을 제...
논리-철학 논고,10800,8.8,2006-05-01,책세상,인문,비트겐슈타인 생전에 출간된 유일한 저작으로 그의 전기 사상이 담겨 있는 책이다. 언어의 본질에 대한 탐구를 통해 세계와 사고  언어의 가능성과 그 한계를 해명하고 우리의 삶에서 진정 중요한 것은 무엇인가를 드러내고자 한다. 명제의 논리적 구조와 논리적 추론의 본성에 관한 고찰로부터 심리학  수학  철학  미학 ...
유라투스트라는 이렇게 말한다,13050,,2020-04-01,모루,인문,적나라한 철학자 니체를 실천하라  그리고 넘어서라!강연과 저술 활동으로 대중에게 익숙한 지식생태학자(유영만 교수)가 오늘은 ‘유라투스트라’라는 이름으로 독자들 앞에 섰다. 칼 마르크스  지그문트 프로이트  찰스 다윈 등과 더불어 근대적 관습  사고  그리고 철학과의 작별을 선언한 프리드리히 니체의 두 번째 대...
보수의 정신,32400,9.5,2018-04-01,지식노마드,인문,"이 책으로 현대 정치의 흐름이 바뀌었다!!!“이 책은 우리 문명의 정치적이고 정신적이며 지적인 전통을 지켜내려는 우리의 노력에 바치는 나의 헌신이다."" - 러셀 커크『보수의 정신』은 패퇴를 거듭하며 “바보들의 무리”라고 조롱받던 미국 보수주의가 부활할 수 있는 사상적 기초를 정립한 책으로 평가받으며  20세기 ..."
한눈에 보는 서양철학사 연대표,2710,9,2016-07-01,이학사,인문,‘한눈에 보는 서양철학사’ 장구하고도 방대한 서양철학사의 흐름을 한눈에 볼 수 있도록 고대에서 중세  근대를 거쳐 현대에 이르기까지 서양철학사를 수놓은 주요 철학자들의 생몰 연도와 그들에 대한 간략한 소개  주요 저서  주된 역사적 사건을 담았다.각각의 철학자는 사조별로 색을 구분 지어 특정 시대를 관통하는...
뉴스의 시대,13500,8.4,2014-07-01,문학동네,인문,일상의 철학자  알랭 드 보통뉴스에 탐닉하는 시대  미디어에 중독된 우리에게 말을 건네다아침에 눈을 뜨자마자 머리맡의 스마트폰을 켜고 인터넷 포털과 SNS에 올라오는 새로운 소식을 검색한다. 친구와 진지한 대화를 할 때도 중요한 업무회의 시간에도 틈만 나면 뉴스를 검색하는 것은 우리 시대의 새로운 습관이다. 수...
무신론자의 시대,34200,9,2016-05-01,책과함께,인문,‘거대 서사’를 잃어버린 인간을 위한  한 편의 거대 서사 ‘모든 것의 시대’‘있음’과 ‘없음’의 존재론  나아가 그에 대한 ‘앎’을 다루는 인식론은 ‘함’과 ‘됨’의 실천론으로 이어진다. 21세기 현재 갖가지 이데올로기와 ‘이즘’들이 이미 무너지거나 막다른 골목에 봉착해 있다. 제국주의  민족주의  사회주...
비트겐슈타인의 말,10800,7.7,2015-03-01,인벤션,인문,[TIME]이 선정한 20세기 최고의 철학자루트비히 비트겐슈타인 인류 역사상 가장 풍부하고 난해한 사상을 펼친철학자의 진면모가 드러난다19세기가 니체의 시대라면  20세기는 비트겐슈타인의 시대다. 《니체의 말》 편역자 시라토리 하루히코가 비트겐슈타인의 저작들에서 인간과 삶  세계의 본질에 대한 가장 통찰력 넘치...
소크라테스의 변명,10800,8.3,1999-02-01,문예출판사,인문,『소크라테스의 변명』은 인류 역사상 가장 위대한 철학자인 소크라테스의 영혼의 책으이다. 제자 플라톤이 스승의 위대한 사상과 진실된 인간성을 널리 알리고 영원히 기리기 위해 심혈을 기울여 쓴 「소크라테스의 변명」 외에 「크리톤」  「파이돈」  「향연」을 함께 엮었다. 이 책은 소크라테스는 어떠한 사람이었고 ...
새로 쓴 원숭이도 이해하는 마르크스 철학,13500,,2020-04-01,시대의창,인문,이 책은 마르크스 사상을 입문자들에게 친절하게 설명함으로써 2010년대 사회과학 스테디셀러로 자리 잡은 임승수의 [원숭이도 이해하는] 시리즈 철학 편의 전면개정판이다. 자본주의가 승리를 주장하던 시기 “한물간” 생각이라며 부당하게 공격당했던 ‘변증법적 유물론’과 ‘역사 유물론’의 기초를 설명하는 내용으로...
틸리 서양철학사,19800,9.4,2020-03-01,현대지성,인문,“철학자들이 스스로 말하게 한다” 가장 객관적이고 공정하게 쓰인 『서양철학사』『틸리 서양철학사』는 20세기 전반에 걸쳐 미국 주요 대학에서 철학 교재로 사용됨과 동시에  일반 독자들에게 교양서로 오랫동안 사랑받았다. 철학의 명문인 프린스턴 대학교에서 철학 교수로 평생 봉직한 프랭크 틸리 교수가 쓴 이 책의...
공리주의,8010,9.7,2018-04-01,책세상,인문,영국의 사상가 존 스튜어트 밀의 [공리주의]를 우리말로 옮긴 책. 18세기 말부터 급성장한 영국의 자본주의는 극심한 이기주의에서 비롯된 과도한 경쟁과 빈부격차 심화 등의 부작용을 가져왔다. 이에 이기주의를 해소할 수 있는 새로운 도덕관이 요청되었고  밀은 최대한 사회적 효용을 가져오는 행복이 최고의 도덕적 가...
서양철학사 2,20700,8.9,2016-02-01,이학사,인문,철학사를 항해하는 데 함께할 최고의 길잡이!노르웨이의 교양 철학 교재에서 출발해 전 세계 14개 언어로 번역된시르베크와 길리에의 서양철학사  한국 최초 번역이 책은 노르웨이를 대표하는 철학자인 군나르 시르베크와 닐스 길리에가 함께 쓴 서양철학사로  1972년에 처음 노르웨이에서 출판된 후 7차례 개정판이 나왔고...
러셀 서양철학사,28800,9.7,2019-04-01,을유문화사,인문,20세기 대표 지성 버트런드 러셀의 대표작고대부터 현대까지 서양 철학의 지평을 넓힌 세기의 고전철학자  수학자  사회운동가  교육자  노벨문학상 수상자 등 다양한 수식어가 붙는 20세기 대표 지성 버트런드 러셀의 명저 『러셀 서양철학사』는 고대 그리스철학에서 현대 분석철학까지 서양 철학사에 뚜렷한 자취를 남긴...
건반 위의 철학자,16200,9.6,2018-11-01,시간의흐름,인문,재즈 피아니스트를 꿈꿨던 초견연주자  사르트르쇼팽을 연주하며 삶을 지탱했던 지중해의 방랑자  니체슈만을 사랑했던 아마추어 피아니스트  바르트건반 위의 철학자들이 들려주는 섬세한 터치와 울림원고 뭉치로 빼곡한 서재에서 연구와 집필에 몰두하는 철학자. 우리가 일반적으로 떠올리는 사르트르  니체  바르트의 이...
유토피아,10800,8.8,2007-06-01,을유문화사,인문,16세기 유럽의 부패한 왕정과 사유재산제의 폐해를 풍자하고  가상의 이상사회를 통해 현실 개혁을 역설한 고전. 서울대 주경철 교수가 현대 언어감각에 맞추어 풀어서 번역하였으며  상세한 각주와 해설로 이해를 돕고 있다. 플라톤의 『공화국』  프랜시스 베이컨의 『새로운 아틀란티스』 등 유토피아 사상을 담은 저작...
철학의 위안 (라틴어 원전 완역본),10800,8.3,2018-06-01,현대지성,인문,라틴어 전문 번역가의 정확하고  가독성 높은 원전 완역본!“『철학의 위안』은 플라톤이나 키케로에 못지않다.” - 에드워드 기번장 드 묑의 삽화 국내 최초 수록『철학의 위안』은 고대 로마 제국의 정치가이자 철학자였던 보에티우스가 억울한 누명을 쓰고 먼 곳으로 유배 보내져 감옥에서 처형당할 날을 기다리는 동안...
순수이성비판,12000,,2016-06-01,동서문화사,인문,칸트 철학의 에센스! 사고의 다이내미즘!낡은 관념을 뒤엎은 인간혁명!자연의 중심은 인간  코페르니쿠스적 대전환!세계문명 가치를 다룬 위대한 칸트철학의 정수!오늘 ‘초월론적 분석론’에 관심이 가는 경향 강하지만 독자는 칸트 자신의 사고 다이내미즘이 숨 쉬고 있는 것은  오히려 ‘초월론적 변증론’임을 생각하면...
감시와 처벌,21850,7.4,2016-03-01,나남,인문,오늘날 계몽주의 시대의 유산이 전 세계적으로 확산된 민주주의 사회에 살면서  사람들은 정보화산업의 발전으로 판옵티콘의 기계와 장치가 유형  무형으로 끊임없이 확산되는 위기의 현실을 위기로 받아들이지 못하고 있다. 위기의 현실임에도 불구하고  위기로 느끼지 못하는 불감증이 계속 심화되는 것이다. 인간은 판옵...
소피의 세계 1,8100,8.5,2015-12-01,현암사,인문,출간 20주년 기념 전면 개정판 『소피의 세계』전 세계에서 가장 많이 읽히고 가장 많이 팔린 철학책초보자를 위한 친절한 철학 이야기꾼 일상성에 매몰되어 있던 우리의 의식을 깨운다!방대한 서양 철학을 독특한 소설 구조 속에 녹여내어 많은 사람들에게 놀라움을 안겨주었던 『소피의 세계』가 20여 년 만에 전면 개정...
스토리텔링의 비밀,10800,7.9,2008-11-01,아우라(AURA),인문,글쓰기에서 플롯 구성을 잘하고자 노력하는 사람들을 위한 『시학』 입문서. 서사가 있는 글을 쓰는 사람은 아리스토텔레스의 『시학』을 반드시 이해해야 하지만 대개는 앙상한 개념 외에는 잘 알고 있지 못한 실정이다. 저자는 『시학』에서 밝힌 ‘극적인 이야기 구조’가 현대 영화에서도 여전히 유효함을 보여주면서 ...
리바이어던,12510,9.1,2007-09-01,서해문집,인문,사회계약을 통한 강력한 국가의 탄생 복종을 통해 자유와 평화를 구하다중세 유럽 사상의 근간인 스콜라 철학을 부정하고 새로운 사고의 틀 마련한 사회계약론의 고전이다. 홉스는 이 책을 통하여 자연권을 주창하며 개인주의적 관점 견지하였고 계약에 의한 국가 성립을 이야기하며 사회계약론을 창시하여 법·정치사상에 ...
플라톤의 국가&#183;정체,31500,9.3,2005-04-01,서광사,인문,전 10권으로 이루어진 플라톤의 대표 저서인 『국가·정체』의 완역본. 형이상학  인식론  정치사상  심리학  교육학  예술론 등 철학의 거의 모든 영역을 다루고 있는 내용을 최대한 원문에 가깝게 번역하였다. ...
철학과 굴뚝청소부,16200,8.8,2005-02-01,그린비,인문,『철학과 굴뚝청소부』는 초판이 출간된 지 벌써 10년이 넘은 책이다. 강산도 변한다는 세월 동안 이 책은 약칭 ‘철굴’로 불리며 한결같은 사랑을 받아왔다. 그 이유는 아마 이 책이 근대철학을 단순히 요약·정리해 놓은 개론서가 아니라는 데 있을 것이다.『철학과 굴뚝청소부』는 근대철학과 중세철학 사이에 만드는 경...
세네카의 인생론,10800,,2019-06-01,메이트북스,인문,인생의 짧음과 마음의 평정에 대하여고대 스토아 철학파의 대가로 불리는 세네카의 산문 『인생의 짧음에 대하여』와 『마음의 평정에 대하여』를 한 권으로 엮어 펴냈다. 누구나 행복하고 만족할 만한 삶을 살아가기를 원한다. 자신의 삶에 만족한다는 것은 무엇일까? 남들이 보기에 번듯한 집과 직업을 가진 사람들이나  ...
우리는 왜 한나 아렌트를 읽는가,15300,8.8,2018-10-01,한길사,인문,난민  정치인의 거짓말  인종차별  혁명 등 우리가 직면한 문제에 한나 아렌트가 답하는 책『우리는 왜 한나 아렌트를 읽는가』(Why Read Hannah Arendt Now)는 오늘날 우리가 직면한 문제에 한나 아렌트가 답하는 책이다. 아렌트가 세상을 떠나기 3년 전인 1972년부터 학문적 교류를 이어온 뉴욕 뉴스쿨의 리처드 J. 번스...
정치철학,16200,9,2018-04-01,문학동네,인문,플라톤과 아리스토텔레스부터 마키아벨리  루소  토크빌까지위대한 사상가들이 말하는 ‘최선’의 정치“인간은 자유롭게 태어났지만 어디에서나 사슬에 묶여 있다”예일대 명강의 시리즈 ‘오픈예일코스’ 두번째 책. 예일대 정치학과 스티븐 스미스 교수가 쉽고 명쾌하게 ‘정치철학’을 강의한다. 오늘날 한국사회가 잘 ...
수사학/시학,25200,9.6,2017-02-01,숲,인문,국내 최초 희랍어 원전번역 『수사학』과 2017년 새 번역 『시학』을 한 권으로 묶었다.민주정치와 토론이 활발하던 고대 그리스 아테네에서는 자기주장을 설득력 있게 전개하고 타인의 주장을 논리적으로 논박하는 것이 시민의 일상이었다. 정치인들도 민중을 상대로 정치적 견해를 드러내고 정치적 제안  선동가에 대한 ...
처음 읽는 서양 철학사,14220,9.4,2017-02-01,어크로스,인문,‘왕따 철학자’ 스피노자  ‘사상계의 제임스 딘’ 사르트르?친절한 철학 선생님  안광복과 함께하는 ‘내 생에 첫 번째 철학 수업’독자들이 열광한 철학 교양서의 클래식  『처음 읽는 서양 철학사』개정 증보판 출간!『처음 읽는 서양 철학사』는 철학의 아버지 탈레스부터 해석학의 기초를 다진 20세기 철학자 가다머...
법의 정신,10800,9.6,2015-05-01,문예출판사,인문,거장의 통찰력과 20년 노력이 결합된 역작으로미국 연방헌법 제정과 근대 법치국가의 정치 이론에 깊은 영향을 준 명저 “가장 넓은 의미에서의 법은 사물의 성격에서 유래하는 필연적 관계다” 하는 유명한 정의로 시작되는《법의 정신》은 프랑스의 위대한 철학자 몽테스키외가 20여 년이라는 오랜 세월에 걸쳐 쓴 필생의...
인간 본성에 대하여,15300,9.2,2011-09-01,사이언스북스,인문,"자연 과학과 인문 사회 과학의 만남  통섭은 이 책에서 비롯되었다!""지구상에 존재하는 모든 사회성 동물들을 조사하러 어떤 다른 행성으로부터 날아 온 동물학자에게는 역사학  문학  인류학  사회학은 물론  법학  경제학  심지어 예술까지도 모두 인간이라는 영장류에 관한 사회 생물학에 불과하다."
쿤 &amp; 포퍼,8550,9.7,2008-06-01,김영사,인문,동서양의 위대한 사상가들이 함께 사는 마을 곳곳을 돌아보며  지식을 얻고 생각의 폭을 넓힐 수 있는 통합적 지식교양서인  시리즈 25번째 책이다.  시리즈는 국내의 젊은 학자들이 참여하여 학문의 경계와 분야를 허물고 인류의 지식과 대중을 연결하고자 했다. 이슈를 중심으로 여러 관련 분야를 함께 다루었으며  분야...
라깡의 정치학,22500,,2020-04-01,에디투스,인문,“프로이트로 돌아가자!”라고 했던 자크 라깡은 1964년 역설적이게도 프로이트의 문자들을 낡은 관념의 체계 속에 묶어 버리려 했던 프로이트 ‘후예’들이 주축이 된 국제정신분석협회(IPA)에서 파문당했다. 라깡의 『세미나 11』은 그가 바로 그렇게 축출당한 그해 시작되었다. 그래선지 『세미나 11』에는 지금까지와는...
왜 칸트인가 ,14400,9.6,2019-06-01,21세기북스,인문,서울대 가지 않아도 들을 수 있는 명강의  ‘서가명강’칸트의 ‘3대 비판서’를 통해 이뤄낸 위대한 철학 혁명대한민국 최고의 명품 강의를 책으로 만난다! 현직 서울대 교수진의 강의를 엄선한 ‘서가명강(서울대 가지 않아도 들을 수 있는 명강의)’ 시리즈의 다섯 번째 책이 출간됐다. 역사  철학  과학  의학  예술 등...
미치게 친절한 철학,19800,10,2019-06-01,행성B,인문,인생의 문제를 푸는 건 결국 과학이 아니라 철학이다무심코 읽다 끝까지 읽게 되는 철학책철학사를 끝까지 읽어 본 사람이 몇이나 될까? 『미치게 친절한 철학』은 누구나 철학의 정수를 이해할 수 있게 하려고 최대한 쉽게 쓴 철학 입문서이다. 우리는 소크라테스나 플라톤은 알지만 라캉이나 들뢰즈는 잘 알지 못한다. 그...
논리철학논고/철학탐구/반철학적 단장,10000,10,2016-09-01,동서문화사,인문,철학 혁명가 비트겐슈타인고뇌와 고독 속 반세기 사색의 결정!강력한 지성  격렬한 정열  현대의 철학!영원한 물음  삶의 가치란?방랑의 끝에서 철학으로 돌아오다!“대체로 말할 수 있는 것은 명확하게 말할 수 있다. 그리고 논할 수 없는 것에 대해서는 우리는 침묵해야 한다.”20세기 오스트리아 분석철학을 대표하는 비...
소피의 세계 3,8100,9.6,2015-12-01,현암사,인문,출간 20주년 기념 전면 개정판 『소피의 세계』전 세계에서 가장 많이 읽히고 가장 많이 팔린 철학책초보자를 위한 친절한 철학 이야기꾼 일상성에 매몰되어 있던 우리의 의식을 깨운다!방대한 서양 철학을 독특한 소설 구조 속에 녹여내어 많은 사람들에게 놀라움을 안겨주었던 『소피의 세계』가 20여 년 만에 전면 개정...
소피의 세계 2,8100,8.8,2015-12-01,현암사,인문,출간 20주년 기념 전면 개정판 『소피의 세계』전 세계에서 가장 많이 읽히고 가장 많이 팔린 철학책초보자를 위한 친절한 철학 이야기꾼 일상성에 매몰되어 있던 우리의 의식을 깨운다!방대한 서양 철학을 독특한 소설 구조 속에 녹여내어 많은 사람들에게 놀라움을 안겨주었던 『소피의 세계』가 20여 년 만에 전면 개정...
니체의 인생 강의,11700,9.1,2015-07-01,휴머니스트,인문,절망의 시대  어떻게 살 것인가운명을 사랑한 철학자 니체에게 묻다세상에  가치에  삶에 대해 의문을 던지기 시작한 시대  목표가 없고 왜라는 물음에 답하기 어려운 시대를 살며 자신만의 사상을 정립한 철학자 니체. 니체의 사상은 그의 시대만이 아니라 허무주의가 만연하고  모든 가치가 의심되며  공허함을 견디기 힘...
니체의 말 2,11700,8.7,2014-01-01,삼호미디어,인문,『초역 니체의 말』에 이은 두 번째 이야기세상에 알려지지 않은 니체  그 후 3년 프리드리히 니체의 글 가운데  현대인의 고민과 불안을 날카롭게 직시하며 그에 대한 냉철한 성찰과 온기 어린 위로를 선사하는 글귀들을 엮은 『초역 니체의 말』의 두 번째 이야기이다. ‘무엇보다 나 자신의 삶을 살아라’의 기본 맥락 ...
니코마코스 윤리학,19800,9.4,2011-10-01,길,인문,『니코마코스 윤리학』은 고전 그리스 문명이 지닌 도덕적 세계관의 정점을 보여 주는 작품이다. 이 책에서 그는 인간의 삶이 궁극적으로 추구하는 것은 무엇인지  그러한 궁극적 목표를 위해 인간은 무엇을 추구해야 하며 어떻게 살아가야 하는지에 대해 물음을 제기한다. 그의 방대한 저작 가운데 『니코마코스 윤리학』...
지식인을 위한 변명,7200,9,2007-10-01,이학사,인문,이 책은 1965년 9월과 10월에 도쿄와 쿄토에서 세 차례 행해진 사르트르의 강연을 담은 것으로  가독성을 돕고 강연의 현장감을 그대로 살리기 위해 강연체로 번역을 하였다. 샤르트르는 이 책을 통해 역사적 주체로서 자신의 소명을 의식하고 자신의 역할을 수행하는 지식인에 대하여 분명히 인식하게 한다. 또한   지식인...
순수이성비판 1,25200,8.9,2006-06-01,아카넷,인문,유한한 인식의 한계 내에서 위대함을 꿈꾸었던 계몽주의적 인간상을 그려낸 서양 철학의 위대한 고전  『순수이성비판』. 서울대 철학과 백종현 교수의 번역으로 새롭게 출간된 『순수이성비판』1  2권은 최근까지 칸트 연구 성과를 바탕으로 하는 방대한 ‘연구번역본’으로 800여 쪽의 원전 번역과 함께  각각 130여 쪽에...
새로운 아틀란티스,7200,8,2002-01-01,에코리브르,인문,이 책이 이제야 초역으로 우리 독자에게 선보인다는 것은 좀 부끄러운 감이 없지 않다. 『신기관(노붐 오르가눔)』과 함께 베이컨의 대표작 중에 하나로 서양의 유토피아 사상을 거론할 때면 자주 언급되는 책이다. 『새로운 아틀란티스』는 토머스 모어의 『유토피아』와 캄파넬라의 『태양의 나라』로 대표되는 공산주의...
따뜻한 위로가 필요할 때 니체와 고흐,14400,9.5,2020-02-01,스타북스,인문,니체의 독설은 에세이보다 아름답고 시처럼 감미롭다‘절대 진리는 절대로 존재하지 않는다’는 인간 다이너마이트실패와 좌절  고난을 겪으며 영원에 대한 갈망을 그린 화가철학을 넘어선 철학자 니체의 너무나 인간적인 고뇌와 방황의 광시곡이 책은 명작과 명작의 만남이라는 콜라보 형식의 기획으로 스페셜 에디션으로 ...
열 번의 산책,16200,9.3,2020-01-01,예문아카이브(예문사),인문,다시  행복이란 무엇인가?위대한 철학자 아리스토텔레스가 바라본  오늘날에도 유효한 행복의 비밀을 찾아 걷는 ‘열 번의 산책’진정한 행복이란 무엇일까? 행복의 기준은 어디에 있는가? 이렇게 살다 보면 죽기 전까지 정말로 행복해질 수 있을까? 사랑 그리고 죽음에 대한 질문과 더불어  가장 오래되었으나 여전히 정답...
성의 역사 4,28800,6,2019-11-01,나남,인문,미셸 푸코 사후 34년 만에 공개된 『성의 역사』 완결편육체와 욕망  그 진실을 밝히는 기념비적 대작푸코는 최초 『성의 역사』 제2권으로 기획한 『육체의 고백』의 집필작업을 1982년 가을에 거의 완성했다. 그러나 이 책의 출간을 잠시 보류하고  처음 기획에는 포함되지 않았던 2권 『쾌락의 활용』과 3권 『자기 배려...
인간적인 너무나 인간적인,12000,8,2016-09-01,동서문화사,인문,기존 도덕 학문에서의 과감한 해방세상에 구애받지 않는 자유로운 방랑정신휴머니즘 선구자 니체 철학의 정수병고와 방랑 속에서 엮어낸 니체의 대표작『인간적인 너무나 인간적인』은 병고와 방랑 속에서 엮어낸 니체의 대표작이다. 1878년 자유사상가 볼테르 서거 100주기를 기념하여 니체가 바친 글로서  ‘자유정신을 ...
플라톤전집 Ⅰ,23400,9.4,2012-07-01,숲,인문,소크라테스는 왜 독배를 마셨을까기원전 399년  아테네와 아테네의 민주주의가 쇠퇴하고 있음을 상징적으로 보여주는 사건이 발생했다. 장터의 철학자 소크라테스가 사형을 당한 일이다. 소크라테스가 자신에게 사형을 선고한 배심원들에게 남긴 마지막 말은 잘 알려져 있다. “저는 죽으러 가고  여러분은 살러 갈 것입니...
플라톤의 대화편,11700,7.8,2008-06-01,창,인문,"플라톤은 초기 작품들의 모음집으로 소크라테스의 모습을 생생하게 그려내고 있는 책이다. 여기 그려진 소크라테스의 모습은 역사적 진실은 아닐 가능성은 있으나 ""시는 역사보다 더 진실하다""라고 하듯이  그것은 하나의 살아있는 전체로서의 소크라테스의 인간상을 예술적으로 훌륭하게 표현하고 있다."
기술복제시대의 예술작품/사진의 작은 역사 외,18000,8.7,2007-11-01,길,인문,『기술복제시대의 예술작품 / 사진의 작은 역사 외』는 철학  미학  문학  신학 등 거의 모든 인문학적 사유의 전방위적 사상가였던 발터 벤야민(Walter Benjamin  1892~1940) 선집 제 2권으로 '아우라'(Aura)의 개념으로 익히 알려진 「기술복제시대의 예술작품」은 그의 사상이 국내에 가장 폭넓게 전파되는 데 기여한 잘...
짜라투스트라는 이렇게 말했다,11700,9.1,2006-07-01,홍신문화사,인문,니체의 사상과 철학의 진수를 보여주는 대서사시. 모든 고뇌와 죽음을 초극한 '초인'  '영원 회귀'  '권력을 향한 의지' 등 니체의 사상을 만난다....
성의 역사 3,16200,8.4,2004-06-01,나남,인문,"성은 억압되지 않았다는 주장. 그에 따르면 성의 역사는 오히려 선동과 증대의 역사다. 억압 대신 선동과 증대가 이뤄지고 거기로부터 수많은 '말' 그리고 '권력 망'이 생겨났기 때문에 오히려 성이 '억압의 역사'를 가진 듯이 보인다는 것이다. ""권력은 도처에 있다""는 말로 권력의 속성을 정의한 미셸 푸코. 책에서 주..."
성의 역사 1,10800,8.5,2004-06-01,나남,인문,프랑스의 대표적 사상가인 미셸 푸코 말년의 역작. 1권에서는 성에 대한 억압의 가설을 살피고 그것이 출현한 배경 또는 권력의 책략을 드러냄으로써 그것의 허구성을 논박한다. 2권에서는 성을 억압된 것으로 보고 금기에 입각한 윤리적 문제의 역사를 씀으로써 전격적인 방향 전환을 이루었다. 그리고 세 가지로 구성된 ...
라캉과 정신의학,18000,10,2002-01-01,민음사,인문,이 책의 특징은 철학자로서의 라캉이 아닌 정신분석가로서의 라캉을 부각시킨 점에 있다. 저자는 해체주의자로서 라캉을 이야기하는 사람들의 견해가 많은 부분 과장  왜곡되어 있다고 보고  라캉과 라캉 이론의 진면목이 바로 임상적 분석 행위 그 자체에 있다고 본다.그리하여 이 책은 라캉 정신분석의 자초지종을 풀어놓...
도덕의 계보/이 사람을 보라,9900,8.5,1998-09-01,청하출판사,인문,『도덕의 계보』는 세편의 논문으로 이루어져 있는데  모두 도덕적 현상의 기원을 다루고 있다. 이 책에서 니체는 주인의 도덕이 선한 것이며 반면에 노예의 도덕은 악한 것이라 말하지 않는다. 혹은 양심의 가책과 금욕적 이상은 열등한 것이며 반면에 그 두현상에 선행하는 야만적 상태가 우월한 것이라고 왜곡하려고도 ...
한나 아렌트의 정치 강의,13500,9.1,2019-06-01,휴머니스트,인문,오늘날 우리를 가장 위협하는 것은 스스로 생각하기를 포기하는 일이다!지독한 사유의 자극제  아렌트를 통해 우리 시대를 ‘이해하는’ 법한나 아렌트는 나치 정권의 전체주의를 온몸으로 겪으면서도 정치와 자유의 문제를 치열하게 사유한 20세기 최고의 정치철학자다. 『니체의 인생 강의』  『의심의 철학』 등을 통해 ...
경제학&#183;철학초고/자본론/공산당선언/철학의 빈곤,10000,10,2016-11-01,동서문화사,인문,온 세계의 프롤레타리아여  단결하라!자본주의를 강타한 폭풍 마르크스!프로메테우스 빈곤의 인간해방을 외치다!거인 마르크스의 세계를 움직인 대표문제작!19세기부터 현대까지 수많은 논란과 찬반을 불러오는 마르크스주의 창시자 칼 마르크스. 그는 베를린에서 법률·역사·철학을 공부하고 헤겔철학을 접하게 되어 급진적...
인간이란 무엇인가,10000,7,2016-11-01,동서문화사,인문,“인간 과학은 유일하게 다른 모든 과학을 뒷받침한다.” 오성·정념·도덕 ‘인간본성론’ 인간학 연구 명저!세계철학사상 가장 중요한 책 가운데 하나!『인간이란 무엇인가(=인간본성론)』은 데이비드 흄이 1739~40년 출판한 대표적인 철학서로  오성·정념·도덕의 3권으로 구성되어 있다. 인간본성론(인간학)은 흄의 사상을...
서양철학사 합본,43200,9,2016-05-01,이학사,인문,철학사를 항해하는 데 함께할 최고의 길잡이!노르웨이의 교양 철학 교재에서 출발해 전 세계 14개 언어로 번역된시르베크와 길리에의 서양철학사  한국 최초 번역이 책은 노르웨이를 대표하는 철학자인 군나르 시르베크와 닐스 길리에가 함께 쓴 서양철학사로  1972년에 처음 노르웨이에서 출판된 후 7차례 개정판이 나왔고...
비트겐슈타인의 인생 노트,12150,,2015-03-01,필로소픽,인문,“그들에게 전해주시오. 나는 멋진 삶을 살았다고!”비트겐슈타인  인생을 이야기하다20세기 최고의 철학자로 꼽히는 비트겐슈타인은 정작 철학보다는 자기 삶을 개선하는 것이 더 중요한 일이라고 보았다. 그는 평생 동안 인생의 문제에 대해 치열하게 고민했고  자기완성을 위해 분투하고 또 좌절했다. 이 책은 논리와 언...
랄프 왈도 에머슨 자연,10800,9,2014-04-01,은행나무,인문,에머슨을 통해 인생을 다르게 살게 되었다 말하는 에머슨 전공자 서동석의 번역으로 국내 최초로 선보이는 이 선집은  영미문학깨나 읽어 본 사람이라면 모두 들어 보았을 ‘에머슨’이라는 이름  그러나 한 번도 국내에서 제대로 다뤄지지 않았던 위대한 사상가의 정수가 되는 글 다섯 편을 뽑아 모은 책이다. 에머슨은 동...
에티카,22500,7.5,2014-03-01,비홍,인문,『에티카』는 스피노자의 에티카를 번역한 것이다. 스피노자는 이 책을 통해 우리가 신에 대해서  그리고 인간의 정신과 감정과 본성과 예속과 자유에 대해서 보다 정확한 인식을 할수 있도록 함으로써 참된 인식과 자유와 만족의 길로 이끌고 있다.
플라톤전집 Ⅳ,31500,9.4,2013-02-01,숲,인문,모든 정치사상의 근본인 플라톤의 『국가』천병희 선생의 번역으로 만나다‘정치란 무엇인가’라고 묻는 책들의 원조이자 ‘이상국가’ 문헌의 원조인 플라톤의 『국가』를 천병희 선생이 번역한 것이다. 국가란 무엇인가  정의란 무엇인가  정의와 불의 중 어느 쪽이 유익한가  정의란 강한 자의 이익인가  올바르게 살아...
로지코믹스,10800,8.9,2011-02-01,랜덤하우스코리아,인문,컴퓨터 발명의 뿌리가 된 엄청난 영향력의 미완성 고전 《수학원리》!러셀이 《수학원리》를 집필하고 수리논리학자로 세기를 풍미하기까지의굴곡진 인생과 혁명적 사상 여정을 흥미롭게 그린 세계적 베스트셀러영국이 낳은 '불세출의 지성'! 버트런드 러셀의 드라마틱한 삶과 열정적인 진리 추구의 여정이 소설과 일러스트...
유토피아,9000,8.2,2011-01-01,문예출판사,인문,토머스 모어가 꿈꾼 이상적인 국가의 모습은 무엇이며 이는 과연 현실에 존재할 수 있는 나라인가? 토머스 모어가 라틴어로 쓴 『유토피아』를 원본으로 해 번역한 이 작품은 르네상스 인문주의자들이 그린 '행복도시'의 모습을 충실하게 담아낸다. 책은 에라스무스  페터 힐레스  제롬 부스라이덴 등 당대의 인문주의자들...
데리다 &amp; 들뢰즈,8550,8.4,2009-09-01,김영사,인문,당연한 것에 대한 부정  진부한 것에 대한 도전  획일화된 감성에 대한 반성!모든 존재에 잠재된 독특한 개성을 억압하는 서구의 왜곡된 사상을 거침없이 비판하고  동일성의 논리에 의해 억눌렸던 현실의 풍부함과 다양성을 회복시켜줄 ‘차이의 논리’를 통해 다양하고 차별적인 존재의 목소리에 귀를 기울이기 위한 철학...
리바이어던 1,28000,8,2008-08-01,나남,인문,유럽 종교전쟁에서 비롯한 무질서의 경험을 바탕으로 어떻게 정치질서 및 평화를 구축할 것인가를 체계적으로 이론화하여 질서의 계보에 대해 이야기한 고전 중의 고전이며  유물론적 관점에 입각한 근대정치과학의 출발점으로 평가 받는 홉스의 저작이다. 이 책은 주권자의 자의가 통제되지 않는 한  부르주아의 자유는 얼...
스피노자의 뇌,19800,8.8,2007-05-01,사이언스북스,인문,기쁨  슬픔  질투  두려움 등 우리 곁에 늘 존재하고 있는 각종 느낌(feeling)과 감정(affection)  정서(emotion)는 보고  듣고  만질 수 있는 구체적인 실체가 아니라는 이유로 지금까지 과학적 담론의 경계 저편에 존재해 왔다. 20세기 들어 마음은 어떻게 만들어지는가  마음은 어떻게 작용하는가 등 마음의 문제까지도 ...
확실성에 관하여,10800,10,2006-09-01,책세상,인문,비트겐슈타인이 죽기 이틀 전까지도 몰두하였던 지식과 확실성의 문제에 대한 고찰들을 담은 책....
소크라테스에서 포스트모더니즘까지,27000,9.3,2004-09-01,열린책들,인문,미국의 대표적인 서양 철학사 개론서인 새뮤얼 스텀프의 『소크라테스에서 포스트모더니즘까지』가 강원대 이광래 교수의 번역으로 열린책들에서 출간되었다. 고대 그리스 철학의 출발에서부터 데카르트  칸트  헤겔을 거쳐 로티에 이르기까지의 철학사의 중요한 흐름들을 빠짐없이 망라하고 있는 이 책은  일반적인 영미권...
장 폴 사르트르,4320,9.6,2004-06-01,살림출판사,인문,사르트르의 시선과 타자론을 중점적으로 소개한 책. 나와 타자  시선과 신체  문학으로 보는 타자론이 어떻게 서술되는지를 보여준다.
성의 역사 2,18000,8.2,2004-06-01,나남,인문,"성은 억압되지 않았다는 주장. 그에 따르면 성의 역사는 오히려 선동과 증대의 역사다. 억압 대신 선동과 증대가 이뤄지고 거기로부터 수많은 '말' 그리고 '권력 망'이 생겨났기 때문에 오히려 성이 '억압의 역사'를 가진 듯이 보인다는 것이다. ""권력은 도처에 있다""는 말로 권력의 속성을 정의한 미셸 푸코. 책에서 주..."
차이와 반복,28500,,2004-03-01,민음사,인문,'프랑스의 유일한 철학 정신' 질 들뢰즈의 주저(主著)인 『차이와 반복』이 민음사에서 번역출간되었다. 들뢰즈의 국가박사 학위 논문의 형태로 처음 세상에 공개된 지 36년 만의 일이다. 그 내용의 방대함과 난해함 때문에 좀처럼 번역에 나서려는 사람이 없었던 이 책은 김상환 교수(서울대학교 철학과)라는 최상의 적임...
계몽의 변증법,18000,8.4,2001-07-01,문학과지성사,인문,아도르노와 호르크하이머  프랑크푸르트 학파의 두 지성이 함께 쓴 우리 시대의 고전. 나치즘을 통해 그 타락한 몰골을 드러낸 서구 중심적인 이성과 문명을 역사철학적 관점에서 비판했다. 아도르노 연구자인 역자가 문예출판사에서 이 책을 공동 번역  출간한 바 있으나 문학과지성사에서 새로 저작권 계약을 하여 기왕에...
차라투스트라는 이렇게 말했다,18000,8.9,2000-08-01,책세상,인문,니체 사거 100주년을 맞아 책세상 출판사에서 내고 있는 니체전집 중 한권이다. 책세상의 니체전집은  니체 연구사에 획기적인 전기를 마련했다는 독일 발터 데 그루이터 출판사의 《니체 비평 전집Nietzsche Werke  Kritische Gesamtausgabe》(KGW)중에서 서신과 주해서를 뺀 나머지를 번역하는 것으로 총 21권 예정이다. ...
청색 책 &#183; 갈색 책,15300,,2020-05-01,책세상,인문,이 책은 비트겐슈타인의 주요 철학적 저작들을 소개하는 『비트겐슈타인 선집』 시리즈의 제3권으로  강의록과 주변 사람들에게 구술한 것을 묶은 책으로 중기 대표작이다. 그의 강의는 미리 준비한 강의안에 따라 진행하는 것이 아니라  그가 사색하고 있는 문제들을 소수의 학생들과 함께 자유롭게 생각하고 토론하는 방...
담론의 질서,9000,,2020-05-01,세창출판사,인문,미셸 푸코는 1970년 콜레주 드 프랑스의 교수로 선정되었고  이후 1984년 사망할 때까지 ‘사유 체계의 역사’라는 과목을 가르쳤다. 푸코의 취임강연은 1970년 12월 2일 ‘담론의 질서’(L’Ordre du Discours)라는 제목으로 행해졌고  이 강연은 다음 해인 1971년 푸코의 교정·검토 아래 동명의 제목으로 프랑스의 갈리마...
담론의 질서,20000,,2020-04-01,중원문화,인문,미셸 푸코의 꼴레쥬 드 프랑스 취임강연인 「담론의 질서」를 완역한 『담론의 질서』. 이 책은 담론의 질서-배제의 외부적인과정  주체의 희박화  역자해설-나눔의 문제와 타자의문제  근대 주체철학 비판 등을 15개 단락으로 나누어 설명하고 있다. 푸코 용어에 대한 해설과 인물 해설을 덧붙여 이해를 돕는다.
정신의 발견,29800,,2020-03-01,그린비,인문,그린비 크리티컬 컬렉션 17번째 책. 고대 그리스의 문학과 철학으로 유럽의 학문적·지적 원형을 탐구하며  현대를 지배하는 서구적 사유방식의 정신적 기원을 밝혀낸 수작이다. 브루노 스넬이 ‘언어 속에 인간 정신의 구조가 마련되어 있다’라는 신념으로 저술한 이 책은 현재까지도 고대 희랍의 문학과 철학을 논할 때 ...
비철학자들을 위한 철학 입문,19800,10,2020-01-01,현실문화연구(현문서가),인문,알튀세르 필생의 역작  철학 교과서공식적 철학사에서 무시되어온 ‘비철학’의 역사를 쓰다유고집으로 출간된 이 책은 알튀세르가 생전에 쓴 철학 교과서이다. 자기 인생과 저작의 여정에서 가장 강도 높은 정치적 시기의 한복판이었던 1975년에  알튀세르는 일종의 ‘철학 교과서’ 집필을 결심한다. 이 『비철학자들을 ...
하룻밤에 읽는 서양철학,14400,9.2,2019-09-01,알에이치코리아(RHK),인문,“철학은 일상의 고민을 가장 잘 비추는 거울이다”내면을 깨우고 삶을 채우는 19가지 유서 깊은 사색들방향을 잃거나 길을 잊어버리는  불빛 하나 보이지 않는 어두운 밤 같은 순간이 우리에겐 뜻하지 않게 자주 찾아온다. 틀림없다고 생각했던 사실이 여지없이 틀렸을 때  갑자기 끓어오르는 감정을 제어하기 힘들 때  진...
실천이성비판,23750,,2019-08-01,아카넷,인문,칸트철학의 전 체계를 지탱해주는 윤리적 모티브  『실천이성비판』『실천이성비판』(1판 2002/ 개정판 2009)을 새롭게 다듬어 편집한 개정2판이 출간되었다. 『실천이성비판』과 더불어 칸트 도덕철학 3부작이라 할 수 있는 『윤리형이상학 정초』(한국어 칸트전집 06)와 『윤리형이상학』(한국어 칸트전집 12)이 출간됨에...
메논,12350,,2019-08-01,아카넷,인문,탁월함이란  그리고 배움이란 과연 무엇인가? -논증적이고 배판적인 탐구로서의 철학의 전형을 간결하고도 압축적인 언어로 보여주는  소크라테스식 문답법의 매력이 담뿍 담긴 대화편 『메논』의 주제는 탁월함의 획득 방식에 대한 질문이다. 탁월함이 가르침이나 배움을 통해 획득될 수 있는지  그리고 탁월함의 교사가 ...
철학의 역사,18900,9.4,2019-07-01,소소의책,인문,인간을 둘러싼 다양한 주제의 본질을 파헤치는 앎의 여정‘어떻게 살 것인가’  ‘신은 존재하는가’  ‘실재하는 세계의 본질은 무엇인가’ 등과 같은 질문은 소크라테스가 살았던 시대부터 오늘날까지 철학자들이 끊임없이 탐구해온 주제이다. 어려운 질문을 던지고  어떤 대상이 어떻게 존재하는지를 사유하고  진리를 ...
마키아벨리,16920,9.7,2019-07-01,arte(아르테),인문,500년 넘게 오해와 논란의 중심에 선 사상가 마키아벨리그가 던진 수수께끼를 풀기 위해 피렌체로 떠나다나폴레옹과 히틀러가 탐독했다고 하며  니체가 이것보다 더 악한 책을 쓰고 싶다고 말한  유럽 혹은 세계 역사상 가장 많은 오해와 논란을 불러일으킨 고전 『군주론』. 그러나 이 책은 흔히 말하듯 성공을 위한 지침...
예술이란 무엇인가,10800,,2019-06-01,종합출판범우,인문,톨스토이가 새로운 예술에 대한 견해를 대담하게 역설한 책! 이 책은 러시아의 작가 톨스토이가 만년에 예술의 영역에 걸쳐 10년 동안 집필한 노작(勞作)이라 할 수 있다. 자신의 예술철학의 정수(精髓)를 요약하고 쉽게 해설하여 일반인에게 예술 전반에 대해 소개할 목적으로 쓴 철학적 사고를 우리말로 옮긴 것이다. 참...
의지와 표상으로서의 세계,24300,9.4,2019-05-01,을유문화사,인문,을유문화사에서 올해부터 새롭게 선보이는 ‘을유사상고전’ 시리즈의 두 번째 책으로 『의지와 표상으로서의 세계』를 선보인다. 『의지와 표상으로서의 세계』는 19세기 서양 철학계의 거목 아르투어 쇼펜하우어의 대표작으로 세계적인 필독서라 해도 과언이 아니다. 당시 독일 철학계를 뒤덮고 있던 낙관적인 이성주의를...
나는 다시 태어나기로 했다,11700,10,2019-05-01,마름돌,인문,내가 나인 이유는 무엇일까?예전에 어떤 가수가 전생에 대한 질문을 받고 이렇게 대답했다. “전생에서도 가수였을 것 같아요. 아무리 일정이 바쁘고 힘들어도 무대 위에 올라가면 힘이 솟아나고 너무 즐거워요.” 세상에는 이 가수처럼 음악적 재능이 뛰어난 사람도 있고  책에 한 번 빠지면 시간이 가는 줄 모르는 사람도...
세네카의 행복론,10800,,2019-05-01,메이트북스,인문,행복의 지혜를 알려주는 세네카의 조언!삶과 죽음의 의미 그리고 진정한 행복의 의미가 무엇인지와 같은 인생의 본질적인 질문을 우리 마음속에 던져주는 책이다. 누구나 행복한 삶을 꿈꾸지만 진정한 행복이 무엇인지는 알지 못한다. 이런 물음에 세네카는 “진짜 행복한 삶이란 신뢰할 만하고 올바른 판단에 바탕을 두고 ...
플라톤 국가 강의,17820,9.6,2019-05-01,김영사,인문,『국가』는 이야기다!질문의 틀을 바꾸는 강의  문학으로서의 『국가』 읽기서양 철학의 근간을 놓은 한 권의 책  철학함이 무엇인지를 보여주는 고전  플라톤의 대표 저서  『국가』. 이 책은 그리스 고전기  인간과 사회와 우주 전체에 대한 고민에 답하고자 했던 철학의 고전적이고도 본질적인 성격을 보여준다. 이제  ...
포스트트루스,14400,9.3,2019-05-01,두리반,인문,“거짓이 판치는 시대에는 진실을 말하는 것이 곧 혁명이다.”_ 조지 오웰‘포스트트루스(post-truth)’는 ‘여론을 형성할 때 객관적인 사실보다 감정이 더 중요하게 여겨지는 현상’으로 ‘탈진실’이라고도 불린다. 이 책은 2016년 미국의 대통령 선거와 영국의 브렉시트 투표 등 세계적으로 이슈가 되었던 사건들 속에...
비트겐슈타인 평전,38000,,2019-04-01,필로소픽,인문,루트비히 비트겐슈타인 탄생 130주년 기념 [리커버 개정판]완벽한 삶을 꿈꿨던 천재 철학자의 치열한 삶과 사상20세기 최고의 천재 철학자로 평가되는 비트겐슈타인 전기의 결정판  레이 몽크의 『비트겐슈타인 평전(Ludwig Wittgenstein: Duty of Genius)』이 2019년 4월 26일  비트겐슈타인 탄생 130주년을 기념하여 [리...
군주론,11520,10,2019-01-01,느낌이있는책,인문,왜 군주론인가?“마키아벨리가 옳다는 점을 인정하지 않을 수 없다” - 프리드리히 대왕“군주론은 공화파의 귀중한 법전이다” - 장 자크 루소“마키아벨리는 국가이성의 본질을 최초로 발견한 인물이다” - 프리드리히 마이네케 - 정치는 오랫동안 철학이나 종교의 하위 분야로서 도덕을 실천하는 수단으로 여겨졌다. 그...
비참한 날엔 스피노자,14400,9,2018-08-01,자음과모음,인문,『비참한 날엔 스피노자』는 스피노자 철학을 이해해야겠다는 읽기의 부담을 조금이나마 줄여주며 일상생활에 그 철학을 잘 적용해 문제를 해결하는 데 도움 받을 수 있다. 그 철학은 우리가 생각하고 행동하고 느끼는 방식을 바꾸는 데 매우 효과적인 도구가 될 수 있다. 또 스피노자 철학에 대한 관심이 높아지며 스피노...
여성의 종속,8910,10,2018-02-01,책세상,인문,영국의 사상가 존 스튜어트 밀의 1869년 저작 《여성의 종속》을 우리말로 옮긴 책. 여성에게도 남성과 동등한 권리가 주어져야 한다는 혁신적인 주장을 담고 있다. 여성이 남성에 종속되는 것을 당연시하던 19세기 중반의 사회적 여건에도 불구하고  밀은 이 책을 통해 성별을 불문하고 인간이라면 누구나 스스로의 능력을...
데카르트의 오류,35000,,2017-11-01,NUN,인문,인간의 행동을 결정짓는 감정의 역할은 어디까지인가?나는 이 책을 인간의 정신에 관심이 있는 사람이라면 꼭 한번 읽어보라고 권하고 싶다. 우리는 감정이나 느낌을 구체적으로 그릴 수 없는 무형의 것으로 이해하지만  이 책은 개인적이거나 사회적인 실제 사례를 들면서 구체적인 것임을 입증한다. 이 책을 일독하면 감...
소크라테스의 변론/크리톤/파이돈,11700,10,2017-03-01,숲,인문,소크라테스는 왜 독배를 마셨을까 기원전 399년  아테네와 아테네의 민주주의가 쇠퇴하고 있음을 상징적으로 보여주는 사건이 발생했다. 장터의 철학자 소크라테스가 사형을 당한 일이다. 소크라테스가 자신에게 사형을 선고한 배심원들에게 남긴 마지막 말은 잘 알려져 있다. “저는 죽으러 가고  여러분은 살러 갈 것입니...
플라톤전집 Ⅵ,34200,9.5,2016-12-01,숲,인문,이것이 법치국가의 모델이다.플라톤의 『법률』은 법을 주제로 정의로운 국가의 가능성을 모색하는 후기 대화편이다. 이 저작은 어떻게 법적 제도를 통해서 인간의 미덕과 법적 제도를 결합시켜서 정의를 국가 공동체에 실현시킬 수 있는지를 다룬다. 이런 실천철학은 정의로운 국가에 관한 아름답고 선하고 이상적인 구상...
갈리아전기/내전기,10000,,2016-11-01,동서문화사,인문,「갈리아전기」는 카이사르가 기원전 58∼51년에 걸쳐 갈리아를 정벌하면서 자신이 이룬 업적을 객관적으로 서술한 책이다. 제7권까지는 카이사르 자신이 쓴 것이고  제8권은 그가 죽은 뒤 부하 히르티우스가 썼다. 당대의 문장가 키케로는 카이사르의 정적으로서 날카롭게 대립하고 있었다. 그런 그조차도 「갈리아 전기」...
세네카의 대화,18000,8.5,2016-10-01,까치(까치글방),인문,최초의 대화 12편 라틴어 원전 완역판 고대인의 생활철학을 통해서 현대인들에게 위안을 건네는 책 이 책은 그동안 중역으로  또는 단편으로 번역되어 일부만 소개되었던 세네카의 대화 12편 전체를 라틴어 원전에서 번역한 것이다. 서울대학교 정암학당 연구원인 역자들은 원전의 향취를 고스란히 전달하는 데에 중점을 두...
존재와 시간,12000,10,2016-09-01,동서문화사,인문,인간은 무엇으로서 존재하는가?그 유한하고 고독하며 불안으로 가득 찬 인간세계!본디적인 세계에서 진정한 존재의미를 찾는다!절대의 명저 20세기를 뒤흔든 사상계의 위대한 혁명!철학의 혁명 『존재와 시간』!독일 실존철학자 마르틴 하이데거  그는 『존재와 시간』을 통해  기존 전통서양철학의 잘못된 이해를 비판하며...
인구론,10000,10,2016-06-01,동서문화사,인문,
플라톤전집 Ⅴ,31500,8.6,2016-05-01,숲,인문,고대 그리스ㆍ로마 시대의 고전 번역 분야에서 독보적 존재로 평가받는 천병희 단국대 명예교수가 번역하고 있는 플라톤 전집 시리즈. 후기 대화편 5편을 번역해 한 권으로 묶었다. 테아이테토스/필레보스/티마이오스/크리티아스/파르메니데스.
철학적 탐구,32300,9,2016-05-01,아카넷,인문,『철학적 탐구』는 “진보란 대체로 그 실제보다 훨씬 위대해 보이는 법이다.”라는 네스트로이의 경구를 책의 첫머리로 삼음으로써 이 작품이 반시대적 고찰임을 아주 선명하게 드러내주고 있다. 사람들이 진보를 목격하고 칭송했던 과학에서 비트겐슈타인은 인간 정신의 퇴보를 목격했고 절망했다. 그는 분석철학의 물리...
인문학의 뿌리를 읽다,13500,9.2,2016-02-01,이와우,인문,“이천 년을 살아 숨 쉰 이야기의 힘!”서울대학교 서양 고전 열풍을 이끈 김헌 교수의 인문학 강의2015년 작년 한 해 서울대학교 학생들이 도서관에서 가장 많이 빌린 책은 무엇이었을까? 서점가를 휩쓸었던 몇몇 베스트셀러가 머릿속에서 떠오를지도 모르겠다. 하지만 아니다. 서울대학교 학생들이 사랑한 책은 그리스의 ...
곁에 두고 읽는 니체,12600,8.6,2015-07-01,홍익출판사,인문,인생의 본질을 꿰뚫어본 니체의 잠언을 통해 세상의 난관을 헤쳐 나가는 방법을 배운다!현대인들의 삶은 하루하루가 버겁고 험난하다. 너무도 바쁘게 돌아가는 일상과 곳곳에서 부딪히는 난관 때문이다. 이런 어려움들을 정신없이 헤쳐 나가다 보면 어느새 길을 잃고 헤매거나 추락하기 십상이다. 그럴 때 우리 삶의 길잡이...
무엇이 가치 있는 삶인가,16200,8.9,2014-07-01,김영사,인문,“2500년 전 소크라테스의 물음에 20세기 철학 천재가 답하다!”역설적 발상과 상식을 깬 추론으로 펼쳐지는 하버드 철학교수 로버트 노직의 인생학 강의!‘무엇이 가치 있는 삶인가’라는 소크라테스의 궁극적 물음을 통해 인생을 성찰하는 ‘소크라테스적 탐구’를 화려하게 부활시킨 현대 철학의 걸작! 30세에 하버드대...
인생은 뜨겁게,17100,9.6,2014-02-01,사회평론,인문,버트런드 러셀 자서전 『인생은 뜨겁게』. 20세기를 대표하는 지성으로 불리는 영국의 수학자이자 철학자  사상가인 버트런드 러셀의 자서전으로  러셀의 일생을 거쳐 간 수많은 폭풍우와 일화들이 선명하게 회고되어 있다.《독일 사회민주주의》  《베트남에서의 전쟁 범죄》 등 다양한 분야의 저서들이 나오게 된 배경과 ...
나는 무엇을 위해 살아왔는가,10800,9.1,2013-10-01,문예출판사,인문,인생의 대부분을 비합리성과 광기의 시대 속에 살았던 철학자 러셀. 삶을 혐오하며 지속적으로 자살의 유혹을 느꼈음에도 그는 일흔을 훌쩍 넘겨 백 살 가까이 살았다. 과연 그의 삶은 지루하고 끔찍했을까? 하지만 그는 여든을 맞아 자신의 과업을 돌아보며 “삶은 살 만한 가치가 있으며 만약에 기회가 주어진다면 기꺼이...
처음 읽는 독일 현대철학,16200,,2013-10-01,동녘,인문,독일 현대철학의 주요 철학자와 핵심 개념을 한 권으로 만난다!맑스  프로이트  니체  하이데거 등 독일 철학의 큰 산맥을 이루는 철학자들은 국내에 다양한 방식으로 소개되며 폭넓은 독자층을 확보하고 있다. 그러나 소문이 무성할수록  실체는 희미한 법이다. 독일 철학이 국내에 수입된 지 적지 않은 시간이 흐른 만큼 ...
실존주의는 휴머니즘이다,9000,8,2013-02-01,문예출판사,인문,대표적인 실존주의 철학자 사르트르의 사상이 담긴 책2차 세계대전 이후 몇십 년 동안 유럽의 지성을 대표하는 실존주의자로 평가받아온 사르트르가 자신의 사상을 간결하게 표현한 『실존주의는 휴머니즘이다』 및 이에 반박하고 나온 피에르 나빌과의 『토론』과 《현대》지에 수록된 사르트르와 카뮈의 세기적인 논쟁 『...
쇼펜하우어 인생론,18000,10,2012-09-01,육문사,인문,쇼펜하우어의 근본사상은 칸트(kant)의 인식론 플라톤(plato)의 이데아(Idea)론 베다(Veda)의 범신론 및 염세관의 결합이다. 그는 살고자 하는 의지를 그의 철학의 근본 원리로 삼았으며 이 세계는 미망과 투쟁과 고통으로 가득 차 있다고 본다. 그래서 그는 세계의 고통으로부터의 일시적인 해탈은 개체성을 초월한 플라톤...
말과 사물,26600,8,2012-02-01,민음사,인문,지식의 투쟁가 미셸 푸코 그의 전복 사상의 기저가 파노라마처럼 펼쳐진 대저작 미셸 푸코의 대표적인 초기 저작인 『말과 사물』의 전면 개역판이 민음사에서 출간되었다. 이 책으로 푸코는 사르트르 이후 가장 중요한 프랑스 사상가로 확고하게 자리매김되었다. 이 책에서 그는 ‘인간’  과학적 지식의 주체로서의 인간...
쇼펜하우어 인생론,11700,9,2010-12-01,나래북,인문,저자 쇼펜하우어는 철학 전문가가 아닌 사람들에게 인생의 의의를 설명하고 사람들이 추구하는 행복은 과연 어디에 있는가  참된 행복이란 무엇인가에 대하여 이야기하고 있다. 곳곳에 인용된 속담  격언  시문과 적절하게 버무려진 유머와 풍자가 저자의 평이하면서도 명확한 문장 속에 녹아 있다. 이 책을 통해 동서고금...
이것은 파이프가 아니다,11400,8,2010-12-01,고려대학교출판부,인문,『이것은 파이프가 아니다』는 푸코의 저술들 가운데 이례적인 면이 있다. 단독 저술로 본문 80쪽이 채 못 되는 분량이며 푸코가 회화를 다룬 유일한 '책'이다. 20세기 초현실주의 회화를 대표하는 화가 중 한 명인 르네 마그리트의 '파이프 데생'을 매개로 한 이 얇은 책은 회화 자체의 근거에 대한 한 철학자의 물음이 겹...
논리철학논고/철학탐구/반철학적 단장,16200,8,2008-12-01,동서문화사,인문,20세기 오스트리아 분석철학을 대표하는 비트겐슈타인의 대표저작을 모은 책이다. 이 책은 그의 전기 대표작인 『논리철학논고』와 후기 대표작인 『철학탐구』  그리고 철학자이자 인간으로서의 비트겐슈타인을 알아볼 수 있는 『반철학적 단상』을 수록하였다. 『논리철학논고』의 머리말에서 철학문제는 이 한 권으로 해...
존재와 시간,10710,8.3,2008-08-01,살림출판사,인문,고전들을 시대의 흐름에 맞게 복원한 'e시대의 절대 사상' 시리즈의 한 권. 고전의 내용이 지나치게 주관적으로 해석되어 전달되는 위험을 피할 수 있도록 그 분야에 대해 가장 정통하면서도 오랜 연구 업적을 쌓은 학자들이 자신의 경험을 응축시켜 새로운 고전의 길을 열고자 했다. 마치 한 편의 잘 짜여진 다큐멘터리 프...
비판적 사고를 위한 논리,17100,8,2008-06-01,아카넷,인문,오늘날 우리는 정보의 홍수 속에서 다양한 가치관과 입장을 대변하는 사람들과 살고 있다. 이러한 상황에서 우리는 정보를 적절하게 취사선택하고  다른 사람의 견해를 보다 잘 이해함으로써 그들과 공존해 나가야 하며  무엇보다 비판적 사고를 기르는 것이 절실하다. 이 책은 논리학 개론  특히 비판적 사고를 위한 논리 ...
역사철학강의,13500,,2008-06-01,동서문화사,인문,신플라톤학파의 철학과 르네상스 이래의 근대사상을 독자적 관점에서 논리학·자연철학·정신철학의 3부로 체계화한 독일 철학의 거장 헤겔의 책이다. 이 책은 헤겔의『미학』과 더불어  헤겔철학에 대한 입문서로 널리 알려져 있다. 이 책은 역사철학을 세계사를 이성의 변천으로서 밝히고 있으며  인간 세계사를 자유 발전...
일방통행로/사유이미지,13500,8.8,2007-11-01,길,인문,『일방통행로/사유이미지』는 철학  미학  문학  신학 등 거의 모든 인문학적 사유의 전방위적 사상가였던 발터 벤야민(Walter Benjamin  1892~1940) 선집의 1권으로 벤야민 사상의 전개에서 획기적인 작품이다. 1928년 독일 로볼트 출판사에서 출간된 이 책은 이전의 벤야민 글쓰기가 주로 고전적 문학작품에 대한 해석과 ...
희생양,18000,7,2007-10-01,민음사,인문,『희생양』은 2005년 '불멸의 40인'으로 불리는 프랑스 지식인의 최고 명예인 아카데미 프랑세즈 종신회원에 만장일치로 선임된 르네 지라르의 대표작으로『폭력과 성스러움』 과 함께 인간 현실에 대한 지라르의 문화인류학적 관심을 확인할 수 있는 중요한 저서이다. 지라르는 이 책을 통해 성서  신화  문학 텍스트에서 ...
법의 정신,6210,5,2006-09-01,책세상,인문,국가 권력의 남용을 막고 국민의 정치적 자유를 보장하기 위한 권력 분립은 근대 헌법에서 필수적인 요소다. 몽테스키외의 이 책은 역사상 최초로 삼권 분립을 주장함으로써 법률사는 물론 정치 이론사에 기념비적인 업적을 남겼다. 프랑스의 전제적인 군주 정체를 비판하고 개인의 정치적 자유를 신장하기 위해 정치 체제...
순수이성비판 2,28500,8.6,2006-06-01,아카넷,인문,유한한 인식의 한계 내에서 위대함을 꿈꾸었던 계몽주의적 인간상을 그려낸 서양 철학의 위대한 고전  『순수이성비판』. 서울대 철학과 백종현 교수의 번역으로 새롭게 출간된 『순수이성비판』1  2권은 최근까지 칸트 연구 성과를 바탕으로 하는 방대한 ‘연구번역본’으로 800여 쪽의 원전 번역과 함께  각각 130여 쪽에...
나는 왜 기독교인이 아닌가,7920,7.6,2005-11-01,사회평론,인문,영국 철학자 버트런드 러셀이 쓴 종교 에세이 모음집. 타이틀을 차지하고 있는 는 1927년 영국비종교인협회에서 종교에 관해 강연한 내용을 엮은 것이다. 세계의 모든 위대한 종교들은 진실이 아니라 해악일 뿐이라는 종교적 목적론을 겨냥한 발언 등으로 종교적 극단주의가 팽배한 사회를 향한 언질을 가한다. 개정판....
지식의 고고학,16150,8.3,2000-03-01,민음사,인문,푸코 사유의 철학적 핵심을 이해하는 데 있어서 가장 중요한 저작이라는 평가를 받고 있는 책. 푸코 개인의 사상은 물론 프랑스 철학의 이론과 흐름을 이해하는 데에도 큰 도움이될 것이다. '과학적 기초'와 '사회적 실천'이라는 두 가지 요소를 중시하는 프랑스 철학의 특징이 잘 녹아있는 책이다.
덕의 상실,16200,7.8,1997-08-01,문예출판사,인문,A. 매킨타이어가 다원주의 시대에 우리가 추구해야 할 공동선과 가치의 문제를 언급한 책. '우리는 어떤 인간이기를 원하는가'라는 질문에 관하여 매킨타이어가 제시하는 바람직한 인간상에 관한 해석이야말로 도덕적 다원주의으 덫에 걸린 우리를 자유롭게 하는 새로운 대안이다.
심연호텔의 철학자들,16000,,2020-04-01,필로소픽,인문,“알랭 드 보통과 마찬가지로  존 캐그는 철학이 개인적 딜레마를 해결하는 데 적절하게 쓰일 수 있다고 믿는다.”- [NPR 리뷰]차라투스트라가 탄생한 알프스의 질스-마리아. 헤르만 헤세  토마스 만  테어도어 아도르노  프리모 레비  카를 융 등 니체순례자들이 니체의 삶과 철학을 좇아 알프스로 갔듯  저자 역시 니체를...
감시와 처벌,25000,,2020-04-01,나남,인문,
문화와 가치,14250,,2020-04-01,책세상,인문,삶의 문제와 방향에 대한 심도 있는 고찰이 책은 비트겐슈타인의 주요 철학적 저작들을 소개하는 『비트겐슈타인 선집』 시리즈의 제7권이다. 특히 『문화와 가치』는 비트겐슈타인 자신의 삶과 사유  그리고 문학ㆍ예술ㆍ건축ㆍ종교 등의 다양한 문제에 대한 단평들의 모음으로  전적으로 철학적인 글들이라기보다는 자신...
간접적인 언어와 침묵의 목소리,8450,,2020-02-01,책세상,인문,탈근대의 선구자  메를로 퐁티가 말하는 ‘언어’와 ‘회화’흔히 모리스 메를로 퐁티의 철학을 ‘모호성의 철학’이라고 한다. 메를로 퐁티 이전의 프랑스 철학은  인식 주체로서의 인간이 세계를 통일적으로 인식할 수 있으며  세계에는 보편적인 진리가 존재한다는 헛된 믿음에 집착했다. 반면 메를로 퐁티는 인간을 분...
나는 고발한다,9400,,2020-02-01,책세상,인문,“우리는 진실을 말할 수 있는 시대에 살고 있는가?”용기 있는 지식인의 사회를 향한 진실의 목소리안보를 빌미로 한 국가 폭력  보수와 진보의 대결  인종 차별  언론을 통한 여론 조작 속에서 진실이 어떻게 드러날 수 있는가? 혼란스러운 시대에 진실을 밝히기를 주저하지 않았던 에밀 졸라가 쓴 『나는 고발한다』는 ...
인간 불평등 기원론,10350,10,2020-01-01,문예출판사,인문,인간의 불평등은 어디에서 기원했는가?〈『인간 불평등 기원론』을 읽기 전에〉  〈요약〉  〈루소의 세계〉  〈루소의 주요 개념〉 4가지 풍부한 해설로 더 쉽고 깊이 읽는 루소의 『인간 불평등 기원론』『인간 불평등 기원론』은 ‘불평등의 기원이 무엇이며  불평등이 자연법에 의해 허용되는가’라는 질문에 루소가 내...
책임과 판단,26000,10,2019-12-01,필로소픽,인문,왜 책임과 판단인가?우리 시대 가장 중대한 정치철학적 이슈들을 파고든 책20세기 최고의 지성 아렌트가 생애 마지막 10년 동안 저술한 미출간 에세이를 모았다. 대표작 『예루살렘의 아이히만』에서부터 유작 『정신의 삶』에 이르기까지  선과 악의 문제를 지속적으로 제기해온 아렌트는 도덕이 붕괴된 20세기 위기 상황 ...
새로운 학문,33250,,2019-11-01,아카넷,인문,비코의 주저 『새로운 학문』의 국내 최초 완역본비코의 『새로운 학문』은 그가 살았던 시대까지의 모든 학문을 종합적으로 포괄하면서도 현대의 학문 조류와 긴밀한 친화력을 가질 정도로 선구적인 면모를 지니고 있는 대작이다. 이탈리아 철학자 잠바티스타 비코(1668-1744)의 운명은 살았을 때나 죽은 다음에나 우여곡...
메를로-퐁티의 신체현상학,24700,,2019-11-01,세창출판사,인문,‘의식’에서 ‘신체’로 인간 현상을 이해하는 새로운 관점을 만나다신체의 철학자 메를로-퐁티는 서양 철학사에서 신체적 전회를 감행함으로써 신기원을 이룬 인물이다. 칸트와 후설의 선험적 전회  비트겐슈타인과 로티의 언어적 전회에 필적하는 전회가 메를로-퐁티의 신체적 전회이다. 이 획기적 사건은 서양철학의 주...
도덕의 기초에 관하여,9400,,2019-11-01,책세상,인문,'보편적 입법의 원리'로 대표되는 칸트의 법칙론적  의무론적 윤리학은 현대 윤리학 논의의 중심이 되는 거대한 체계다. 쇼펜하우어는 이 권위를 부정함으로써  즉 칸트의 윤리학을 정면으로 비판함으로써 새로운 윤리학의 체계를 세운다. 칸트 윤리학의 기본 개념들에 내재한 모순을 드러내고 최고 원리인 정언 명령이 이...
카뮈와 사르트르,11700,10,2019-10-01,들녘,인문,21세기 대한민국을 배경으로 펼쳐지는 반항의 철학자 카뮈와 자유의 철학자 사르트르의 철학포럼에 초대합니다!제3회를 맞이하는 강대석의 철학포럼. 2016년 니체와 포이어바흐  2017년 루소와 볼테르에 이어 이번 주인공은 ‘반항의 철학자’ 알베르 카뮈와 ‘자유의 철학자’ 장폴 사르트르다! 또 이번 철학포럼에는 카뮈...
외로움의 철학,13500,,2019-10-01,청미,인문,외로움은  사회성 강한 우리 세계에서 부정적인 함의를 띠기 때문에 접근하기가 쉽지 않은 주제다. 그러나 사람 사는 곳이라면 어디든 외로움이 존재하는 것이 진실 아닌가. 여러분은 집에 조용히 있다가  혹은 어느 오후의 공원에서  나아가 사람들로 북적대는 번잡한 거리에서조차 문득 외로움을 느낄 수도 있다. 라디오...
플라톤전집 세트,216000,10,2019-07-01,숲,인문,기원전 399년  아테네와 아테네의 민주주의가 쇠퇴하고 있음을 상징적으로 보여주는 사건이 발생했다. 장터의 철학자 소크라테스가 사형을 당한 일이다. 소크라테스가 자신에게 사형을 선고한 배심원들에게 남긴 마지막 말은 잘 알려져 있다. “저는 죽으러 가고  여러분은 살러 갈 것입니다. 그러나 우리 가운데 어느 쪽이...
통치론,10800,,2019-06-01,돋을새김,인문,17세기 영국 의회 민주주의의 사상적 기틀을 확립한 존 로크의 정치철학현재의 민주주의와 진보적 자유주의를 이해하기 위해 가장 먼저 읽어야 할 책이다. 절대왕권을 주장하는 왕권신수설의 논리적 모순을 철저히 논박하고 시민의 동의에 의한 올바른 정부의 기원과 목적을 밝힌 최초의 정치철학서이다. 인간에게 주어진 ...
정신의 삶,35820,9.4,2019-06-01,푸른숲,인문,『정신의 삶』은 정치 행위의 정점을 보여주는 책현대 철학에는 아렌트 이전과 이후가 있다고 말할 정도로  아렌트에 대한 관심은 단순한 지적 호기심의 차원을 넘어서고 있다. 아렌트를 읽는 독자는 그가 활동했던 시대보다 점점 더 증가하는 추세다. 아렌트의 사상은 학문적 입장과 학제 영역에 관계없이 주목을 받는다. ...
대화에 대하여,11700,9,2019-04-01,어크로스,인문,“대화는 어떻게 우리 삶을 바꾸는가?”BBC 라디오 청취자들이 열광한 옥스퍼드 석학 시어도어 젤딘의 ‘대화 수업’세계적 베스트셀러 『인생의 발견』『인간의 내밀한 역사』 저자의 숨은 명저논쟁에서 이기기 위한 대화가 넘실대는 시대냉소와 무기력을 넘어 지혜를 회복하기 위한 여정『대화에 대하여』는 독창적인 역...
플라톤전집 Ⅶ,31500,10,2019-04-01,숲,인문,그는 생전에 어떤 글도 남기지 않았다. 그럼에도 서양철학사를 통틀어  세계사상사에서 대중에게 가장 많이 알려진 사람이다. 그보다 앞서 살다간 붓다도  그보다 훗날을 살게 될 예수도 생전에 하신 말씀은 많아도 스스로 쓴 글이 없기는 마찬가지다. 플라톤(기원전 427년경~347년)이 20대 후반의 청년일 때 소크라테스는 ...
마키아벨리의 군주론,10800,,2019-04-01,메이트북스,인문,권력과 인간의 본질을 해부한 불멸의 고전!누구나 책 제목은 잘 알지만 읽지 못했거나 혹은 ‘피도 눈물도 없는 마키아벨리즘’이라는 오해와 편견으로만 대했던 불멸의 고전인 『군주론』이 리더십의 정수를 꿰뚫는 인문서로 다시 태어났다. 특유의 딱딱함 탓에 완독과 의미 파악이 쉽지 않았던 원문을 5개의 테마로 나누...
고독을 잃어버린 시간,15120,9.6,2019-04-01,동녘,인문,지그문트 바우만의 주요 저작을 다시 만나다!잘못된 번역어를 바로잡고 용어를 통일한 ‘셀렉션 시리즈’2017년 1월 9일  91세 일기로 별세한 사회학자 지그문트 바우만의 저서들은 수년간  국내에도 바우만의 인기를 입증하듯이 경쟁적으로 번역되었다. 그 책들에는 『액체 근대』  『유동하는 공포』  『리퀴드 러브』처...
방법서설 ,13500,,2019-01-01,문예출판사,인문,근대성이라는 시대정신을 연 데카르트 철학의 정수를 담고 있는 것으로 평가받는 『방법서설』이 새로운 번역으로 다시 출간됐다. 이번 개정판에서 이현복 교수는 [방법서설]을 보다 원전에 충실하게 다시 번역해 내놓았다. 이현복 교수는 개정판 옮긴이의 말에서 초판의 번역이 독자들이 데카르트 철학에 접근하는 것을 돕...
사르트르 vs 메를로퐁티,14000,,2018-12-01,세창출판사,인문,경쟁자이자 친우라는 의미인 프레너미(frenemy). 사르트르와 메를로퐁티는 이 프레너미라는 표현에 딱 들어맞는 커플이다. 두 철학자는 같은 시기에 활동했을 뿐만 아니라 활동 범위에도 공통적인 부분이 있었다. 철학적으로는 무엇보다도 두 사람이 모두 현상학과 실존주의에 몸담았다는 점이 중요하다. 현상학은 후설에 ...
전체성과 무한,29000,,2018-11-01,그린비,인문,레비나스의 주저임에도 번역되지 않아 독자들의 갈증이 컸던 『전체성과 무한』이 드디어 번역 출간되었다. 이 책 『전체성과 무한』에서는 레비나스 철학의 중심 개념들  이를테면 타자  전체성  무한  초월  책임  향유  맞아들임  얼굴  근접성 등이 망라되어 등장하며 또 체계적으로 엮여서 다루어진다. 『전체성과 무...
인간이란 무엇인가,12420,9.3,2018-11-01,아카넷,인문,칸트철학에 쉽게 접근하는 길을 안내하고 3대 비판서의 핵심을 짚는  백종현 교수의 칸트 3대 비판서 특강을 책으로 만난다.한국의 대표적인 칸트 번역자 백종현 서울대 명예교수의 ‘칸트 3대 비판서 특강’이 책으로 나왔다. 현대 철학의 논의 중에서 칸트를 거치지 않은 것은 없다 해도 과언이 아닌 칸트 철학의 핵심과 ...
조르조 아감벤 호모 사케르,13500,,2018-10-01,앨피,인문,사람들은 ‘호모 사케르’(성스러운 인간)나 생명정치에 대한 설명 때문에 아감벤을 읽는다. 일부 주석가들 사이에서 시끌벅적한 공격을 초래한 논의 말이다. 아감벤의 저작이 지닌 이런 측면은 서구의 법적·정치적 체제의 본성과 관련이 있다. 이 측면은 이 체제의 핵심에 통제와 지배가 여전히 남아 있음을 시사한다. 최...
인류학자 말리노브스키,13500,10,2018-10-01,눌민,인문,“20세기 인류학의 필수요소”이자 “해결사” 말리노브스키 그의 생애  연구  업적  고민  비전을 돌이켜본다!인물의 재발견  고전의 재해석  용어의 재정립을 통해 한국 인류학에 활기를 불어넣은 원로학자의 새로운 지적 모험!말리노브스키의 인류학 여정에서 미래를 위한 공생주의의 길을 발견하다!2018 한국출판문화산...
철학 진작 배울걸 그랬네,14400,9.5,2018-10-01,베이직북스,인문,인문학적 통찰의 힘을 길러주는 초단기 일주일 서양철학사 여행!간단하고 명료하다. 하루에 한 단락  체계적으로! 철학 분야의 흐름이 한눈에 쏙쏙!단  한 권으로 인생에 꼭 필요한 지식세계로의 입문!실용적인 철학지식으로 내 삶의 문제를 해결하고 인생의 방향을 제시한다.철학은 매우 추상적이면서도 또 구체적이다. 철...
윤리형이상학 정초 ,17100,,2018-09-01,아카넷,인문,『윤리형이상학 정초』(1785)는 도덕철학을 주제로 한 칸트의 주요 저술 중 첫 번째 것으로  『순수이성비판』(1781  1787)과 『실천이성비판』(1788) 사이에 출간된 것이다. 이 책은 『실천이성비판』과 내용과 소재가 매우 닮아 있는 자매관계를 이루고 있다. “내용상으로 『윤리형이상학 정초』는 『실천이성비판』과 ...
관료제,9000,,2018-09-01,문예출판사,인문,합리를 앞세운 관료제가 고도화된 오늘날 관료제의 문제점을 지적한 막스 베버의 『관료제』는 꼭 읽어야 할 고전이다. 막스 베버의 방법론을 이해하기 위해서도 읽어야 할 저서이지만  관료제 그리고 합리의 문제를 이해하고자 할 때도 참고할 책이다. 문예출판사의 관료제는 『경제와 사회』 제2부 9장 〈지배 사회학〉의...
명상록 (마르쿠스 아우렐리우스) : Meditations (영문판),14600,,2018-07-01,BOOKK(부크크),인문,"명상록 (마르쿠스 아우렐리우스) : Meditations (영문판)World Classic reading Book(세계 고전문학 리딩북)철권통치의 로마 황제 '마르쿠스 아우렐리우스""의 명상록(暝想錄)은 스토아 학파적 명언과 격언론이다.명상록(暝想錄)마르쿠스 아우렐리우스의 저서. 원제(原題)는 '자기 자신에게 이야기한 일'을 의미하며  12권으..."
마르크스 전기 1,22500,10,2018-05-01,Nomad(노마드),인문,마르크스 탄생 200주년에  카를 마르크스를 재조명하다카를 마르크스(Karl Heinrich Marx). 표준국어대사전에는 그에 대해 이렇게 기록되어 있다.독일의 경제학자·정치학자·철학자(1818~1883). 독일 관념론  공상적 사회주의 및 고전경제학을 비판하여 과학적 사회주의를 창시하였다. 헤겔 좌파 사상의 영향을 받고 급진적...
군주론,12600,7,2017-12-01,위즈덤하우스,인문,시대를 뛰어넘는 ‘세상과 인간’에 대한 통찰‘목적을 위해 수단과 방법을 가리지 않는 비열한 악마’라는 마키아벨리에 대한 비난은 르네상스시대를 거쳐 근대에 이르러서도 완화되지 않았다. 오히려 ‘마키아벨리즘’  ‘마키아벨리스트’ 등과 같은 단어가 부정적인 의미를 나타낼 정도로 그의 이미지는 확대되고 재생...
새로움에 대하여: 문화경제학 시론,18000,,2017-12-01,현실문화연구(현문서가),인문,
철학 1,30400,10,2017-11-01,아카넷,인문,과학기술 시대에 인간의 고유성과 초월성을 수호한실존철학의 대장정야스퍼스는 하이데거와 더불어 독일 실존철학의 양대 산맥을 형성하는 대표적 철학자이다. 실존철학이라는 말을 처음으로 사용한 철학자가 바로 야스퍼스이고  하이데거에 결코 뒤지지 않는 철학자임에도 불구하고 우리나라 철학계의 연구는 지나치게 하...
삶은 왜 짐이 되었는가,14400,9.3,2017-09-01,21세기북스,인문,서울대 철학과 박찬국 교수가 들려주는 하이데거 인생수업우리의 일상을 지배하는 불안과 고독  우울과 무기력은 어디에서 오는 것일까? 하이데거는 현대사회의 위기를 직시하고 그것을 회복하기 위한 길을 사유하는 데 자신의 삶을 바친 사상가다. 하이데거는 우리 삶이 충만해지기 위해서는 자연과 사물 등 존재하는 모든...
생각하는 여자는 괴물과 함께 잠을 잔다,10800,8.5,2017-09-01,봄알람,인문,압제자의 언어에서 새로운 말과 사유를 길어 올린 여성 철학자들가부장제는 여성의 욕망을 배제하고 터부시했다. 여성들은 오랜 세월 억압된 욕망을 끌어안고 잠들어야 했다. 여성주의 행동가이자 시인인 에이드리언 리치는 그것을 ‘괴물’이라 불렀다. 존재가 억압된 채로 여성들은 무언가를 욕망했고  사유의 모험을 시...
동화 속의 심리학,11700,8.1,2017-09-01,마름돌,인문,진 삶의 과제를 ‘별자리’라는 흥미로운 주제로 풀었던 『별자리 심리학』에 이은 맨리 P. 홀의 세 번째 국내 번역서다. 본 저서에서 작가는 신비주의 철학자라는 명성답게 동화와 우화에 담긴 가르침을 상징체계의 관점에서 해설하고 있다.이 책은 저자가 생전에 『이솝 우화』  『걸리버 여행기』  『신데렐라』를 주제...
니체 인생론,11700,10,2017-03-01,뜻이있는사람들,인문,“살아 있는 인간을 위한 철학!”니체가 지금도 여전히 세상에 널리 알려져 있는 것은 그의 예리한 통찰력 덕분이다. 급소를 찌르는 듯 한 날카로운 관점  생기  불굴의 영혼  높은 곳을 지향하는 의지가 신선함을 던져주는 문구를 통해 발산하고 있기 때문에 많은 사람의 귀와 가슴에 남는 주로 짧은 경구(警句)와 문장에...
자아의 초월성,13300,10,2017-01-01,민음사,인문,자아의 신화를 무너뜨리며『존재와 무』의 새로운 실천 철학을 예비하는사르트르의 첫 번째 철학서사르트르의 첫 번째 철학 저작인 『자아의 초월성』이 국내 초역으로 민음사에서 출간되었다. ‘자아란 무엇인가?’라는 철학의 근본 질문에 대해 사르트르는 자아가 행위의 배후에 있는 모종의 주체가 아니라  의식의 활동...
스피노자의 『에티카』 입문  ,20700,10,2016-12-01,서광사,인문,이 책의 특징과 내용철학서적 전문출판 서광사의 신간 『스피노자의 『에티카』 입문』은 스피노자의 주저인 『에티카』를 해설한 책이다. 영국 컨티뉴엄 출판사에서 출판된 Spinozas 『Ethics』를 번역한 것으로  스피노자의 『에티카』를 직접 읽고자 하는 독자들이 『에티카』를 쉽게 이해할 수 있도록 핵심 주제들을 짚...
세네카 삶의 지혜를 위한 편지,10000,,2016-11-01,동서문화사,인문,재정로마시대의 스토아 철학자가 쓴 책이다. 이 책은 3장에 걸친 세네카의 작품들에서 세네카의 인간과 사상과 더불어 인생론 행복론을 담고 있다. 현대는 자기상실사회이다. 자신을 잃지 않고 자기를 연마하여 인격을 깊이 있게 도야하는 데 얼마나 소홀한 시대인가. 이러한 시대에 로마 대철학자 세네카의 인생의 지혜를 ...
어메이징 필로소피,11700,9.4,2016-10-01,궁리출판,인문,철학에 관한 가장 재미있고 매력적인 만화가 나타났다!익살스러운 철학자 헤라클레이토스의 안내를 받으며3000여 년의 역사를 지닌 흥미진진한 ‘철학의 강’을 건너보자!철학이란 무엇일까? 단순히 사전적 의미를 빌리자면 철학은 “인간과 세계에 대한 근본 원리와 삶의 본질 등을 연구하는 학문”이라고 한다. 좀 더 찾...
불안의 개념/죽음에 이르는 병,10000,,2016-09-01,동서문화사,인문,자신의 인생은 스스로 결정하라!시적 철학적 형식으로 인간의 삶을 분석한실존주의철학 창시자 키에르케고르절망과 불안에 떠는 현대인 구원의 철학!너무나 인간적 사상가 키에르케고르키에르케고르는 니체와 함께 현대의 정신세계에 영향을 미치는 위대한 사상가의 한 사람으로 꼽히고 있다.키에르케고르는 풍부한 상상력...
세네카 인생철학이야기,10000,,2016-09-01,동서문화사,인문,인간이란 무엇인가? 인생이란 무엇인가?사욕을 버리고 자신의 깊이를 더하라!로마정신 세네카 삶과 지혜 철학사상!로마지성의 선생 세네카세네카(BC 4∼AD 65)는 제정로마시대의 정치가  철학자  시인이며 당대의 정신문화를 이끈 대표적 스토아철학자다. 세네카는 윤리적이고 종교적인 데에 멈추지 않고 그리스의 자연철학...
역사의 연구 2,10000,8,2016-09-01,동서문화사,인문,과거와 미래를 연결함으로 새로운 활력을 부여하는세계사의 새로운 길도전과 응전  신의 법칙에 따른세계 문명의 가치와 의미를 일깨운 위대한 명저!역사학의 지평을 넓힌 세기의 고전D. C. 서머벨 편집 토인비 감수판본 완역!『역사의 연구』란 무엇인가A. J. 토인비의 저서 『역사의 연구』는 미국·유럽의 역사가가 품었...
역사의 연구 1,12000,8,2016-09-01,동서문화사,인문,과거와 미래를 연결함으로 새로운 활력을 부여하는세계사의 새로운 길도전과 응전  신의 법칙에 따른세계 문명의 가치와 의미를 일깨운 위대한 명저!역사학의 지평을 넓힌 세기의 고전D. C. 서머벨 편집 토인비 감수판본 완역!『역사의 연구』란 무엇인가A. J. 토인비의 저서 『역사의 연구』는 미국·유럽의 역사가가 품었...
소유냐 삶이냐/사랑한다는 것,10000,,2016-09-01,동서문화사,인문,현대사회 부조리 분석 비판 인간소외 극복을  개성상실 획일화 탈출을인간사회에 대한 예리한 일침!20세기 정신분석학 새로운 조류 에리히 프롬인간에 대한 신뢰의 중요성을 깨우치는 심리학 명저서!메말라가는 사회  사랑의 힘으로 인간성 회복을!새로운 인간과 사회의 가능성 추구 『소유냐 삶이냐』에리히 프롬은 신프로...
존재와 무 2,10000,,2016-09-01,동서문화사,인문,『존재와 무』를 읽기전에 인간실존을 논하지 말라!‘인간은 최후에야 비로소 인간이 되는 것이며 인간은 스스로 만들어 나아가는 것이다 ’인간은 세상에 던져졌을 때에는 아직 아무 것도 아니다.스스로 자신을 만들어 나아가면서자신이 무엇인지를 정의해 나아가는 존재인 것이다.사르트르는 누구인가?20세기를 대표하는 ...
존재와 무 1,10000,,2016-09-01,동서문화사,인문,『존재와 무』를 읽기전에 인간실존을 논하지 말라!‘인간은 최후에야 비로소 인간이 되는 것이며 인간은 스스로 만들어 나아가는 것이다 ’인간은 세상에 던져졌을 때에는 아직 아무 것도 아니다.스스로 자신을 만들어 나아가면서자신이 무엇인지를 정의해 나아가는 존재인 것이다.사르트르는 누구인가?20세기를 대표하는 ...
니체의 인간학,13320,8.4,2016-09-01,다산3.0,인문,니체라는 까칠한 철학자를 견딜 수 있는 자만이 이 책을 읽어라!“착한 사람만큼 나쁜 사람은 없다”전투력 1위의 철학자 나카지마 요시미치가마침내 니체라는 핵망치를 손에 들었다!누구나 원하는 삶을 살 수 있길 원한다. 하지만 그런 마음과는 달리 우리는 너무나 많은 것을 포기하며 살아간다. 다양한 핑계를 댈 수 있...
니체의 『도덕의 계보』 읽기,5850,9,2016-07-01,세창미디어,인문,현대철학자 가운데 가장 영향력 있는 학자로 니체를 꼽을 수 있다. 그의 저서 가운데 『도덕의 계보』는 가장 중요한 저서로 분류되고 있다. 이 저서는 앞서 집필한 『선악의 저편』  『차라투스트라는 이렇게 말했다』 등에서 소개한 사상을 담고 있다. 또한 기존의 글들이 운문  단편  아포리즘으로 구성된 것과는 다르게...
니체와 하이데거,25650,8,2016-06-01,그린비,인문,다양한 얼굴을 가진 철학자 프리드리히 니체. 논자에 따라 나치즘이 싹을 틔운 토양으로도  전체주의를 넘어설 디딤돌로도 읽히는 그의 철학이 가진 다면성은 각기 다른 방향에서 수많은 해석을 낳아 왔다. “극좌에서 극우 그리고 남성우월주의에서 페미니즘에 이르는 다양하면서도 서로 대립하는 사조들이 자신들을 정당...
국부론 2,10000,10,2016-06-01,동서문화사,인문,국가의 힘은 국민의 부에서 온다!과거와 현재를 이어주는 자유주의경제학 이론서인류 삶에 대한 심오한 고찰!경제학 이론서의 성서 『국부론』영국 고전학파 경제학의 창시자 A. 스미스의 불멸의 고전. 마르크스 자본론도 이 거작이 있었기에 탄생할 수 있었다. 1776년 간행. 원제(原題)의 직역은 『여러 국민 부의 본질과 ...
에밀,10000,,2016-06-01,동서문화사,인문,인간 교육에 대한 혁명적 외침!인위적 교육을 비판전인교육과 맞춤교육 실천의 도전!자연으로 돌아가자! 인간 본성을 되찾자!21세기에도 절대 유효한 교육 방향을 제시한다루소는 『에밀』을 통해 그의 근본관념이자 모든 사색의 출발점인 본연의 인간을 연구하였다. 즉『에밀』은 이야기 식으로 쓴 인간론이며 문명비평서...
유토피아/자유론/통치론,10000,,2016-06-01,동서문화사,인문,
솔로몬 탈무드,10000,,2016-06-01,동서문화사,인문,미국경제를 점령하여 세계경제를 지배하는 최강의 경제 성공집단 유대인!그들의 불굴의지와 치밀한 경제 통찰력의 근원  강력한 지도자의 리더십 비법이 담긴 황금 같은 책!!소로스  프로이트  아인슈타인  카프카  채플린  로스차일드 그리고 예수 그리스도!신과 천재는 모두 유대인이었다.돈의 귀신 유대정신의 대동맥 『...
헤로도토스 역사,12000,10,2016-06-01,동서문화사,인문,역사의 아버지 헤로도토스머나먼 여정 뒤 남긴 빛나는 에메랄드뛰어난 관찰력으로 깊은 통찰력으로이 거작으로 고대 역사는 현세에 부활한다!고대세계를 어우르는 인간 역사이며 서사 문학이다!헤로도토스는 10여 년간 몇 차례에 걸쳐  당시로서는 경탄할 만한 긴 여행을 했다. 동쪽으로는 바빌론 또는 수사  서쪽으로는 리...
소크라테스의 변명/국가/향연,10000,,2016-06-01,동서문화사,인문,플라톤 철학 결산 불후의 저작!시대를 뛰어넘는 스승 소크라테스의 거울인류최고지성 대철인의 영원한 유산!위대한 스승과 제자의 만남플라톤이 소크라테스와 만나지 않았더라면  그의 일생은 전혀 달라졌을 지도 모른다. 그만큼 그 만남은 플라톤의 인생을 크게 바꾸어 놓았다. 당시 소크라테스는 60세  플라톤은 20세였다...
관용론,19800,,2016-04-01,한길사,인문,『관용론』(1763)은 계몽사상가로 유명한 볼테르(Voltaire  1694~1778)가 18세기 유럽을 휩쓸던 종교 전쟁의 광풍에 희생된 한 가장(家長)의 억울함을 호소하며 ‘관용’의 개념을 역설한 책이다. 볼테르는 이 책에서 탐사보도 성격의 글쓰기와 시각 자료의 적극적인 활용 등 오늘날 저널리즘의 표본을 보여주며 당시 막 세...
전쟁일기,16200,,2016-03-01,읻다,인문,‘청년’ 비트겐슈타인의 불태우지 못한 일기《전쟁일기》 전 세계 최초 완역 합본읻다 프로젝트의 총서 ‘괄호’ 시리즈의 첫 번째 책 《전쟁일기》. 이 책은 비트겐슈타인이 1차세계대전 참전 중에 기록한 세 권의 일기장을 묶은 것으로 케임브리지 대학 및 베르겐 문헌보관소의 협조로 만들어진 세계 최초의 완역 합본이...
인생교과서 니체,13500,9.6,2016-02-01,21세기북스,인문,위대한 스승  니체에게 묻고 싶은 삶에 대한 질문과 답 23누구나 인생을 살다 보면 삶에 대한 본질적인 질문들을 품게 된다. 이러한 고민들을 인류의 위대한 스승 니체에게 묻는다면  그는 우리에게 어떤 대답을 해줄 수 있을까? 『인생교과서 니체』(21세기북스 펴냄)는 니체에게 묻고 싶은 23개의 질문을 통해 그의 삶과 ...
쇼펜하우어 논쟁술,12350,,2015-08-01,경북대학교출판부,인문,생활에서 논쟁은 언제나 일어난다. 논쟁은 논리나 토론과는 엄연히 다르다. 논쟁은 진리를 밝히려는 것이 아니므로 논리학으로 논쟁에서 이길 수는 없다. 쇼펜하우어는 자신의 철학에서 힘에의 의지  즉 ‘힘 의지’를 강조하며  논쟁에서는 어떤 수단으로든 이기려는 의지가 승패를 좌우하기 때문에 각종 논쟁술을 익혀야 ...
뉴턴의 무정한 세계,12600,8,2014-12-01,돌베개,인문,과학적 감성과 인문학적 통찰을 키우는 한국+서양 크로스 과학사일제 침략을 당한 우리 입장에서 서양의 과학과 기술은 식민 지배와 근대화의 도구로 강제 이식된 것이다. 식민 지배에서 벗어나 21세기를 살아가고 있는 오늘날에도 과학은 여전히 대중에게 어렵기만 한 먼 나라 이야기일 뿐이다. 그동안 과학이 어려웠던 것...
키르케고르 읽기,12350,8,2014-12-01,세창미디어,인문,키르케고르의 사유는 본질적으로 삶의 체험으로부터 출발한다. 그리하여 정신과 삶의 통일을 지향하고 있다. 곧  그가 말하고 있는 것은 그의 삶의 결과이다. 그리고 이것은 ‘실존주의’라는 새로운 지평을 연다. 키르케고르는 인간의 실존을 ‘심미적’ ‘윤리적’ ‘종교적’이라는 3단계의 과정으로 분석하고  또한 인...
칼 포퍼의 『열린사회와 그 적들』 읽기,7200,10,2014-12-01,세창미디어,인문,칼 포퍼의 『열린사회와 그 적들』 읽기『열린사회와 그 적들』은 인간적인 삶을 보장해 주는 사회는 열린사회뿐이며  점진적 사회공학에 의해서만 그런 사회를 실현할 수 있다는 대답을 엄밀한 논증에 기초하여 제시한다.‘열린사회’는 비판을 수용하는 사회이며  진리의 독점을 거부하는 사회이다. 또한 인간의 존엄성을...
플라톤의 국가,11700,9,2014-11-01,아름다운날,인문,플라톤의 국가론을 고전古典이라 부르기에 멈칫거릴 사람은 아무도 없다. 고전은 그 시대 사람들의 삶과 생각을 잘 보여 주는 동시에 오늘날의 사람들 삶과 생각에도 커다란 울림을 준다. 시대의 아픔을 달래주고 시대의 고민을 해결해 주기도 한다. 영국 철학자 화이트헤드가 “서양의 2000년 철학은 모두 플라톤의 각주에...
로자 룩셈부르크의 사상,7200,9,2014-10-01,책갈피,인문,이 책은 “마르크스 이후 최고의 사상가”로 불린 혁명적 사회주의자 로자 룩셈부르크의 사상을 영국 사회주의노동자당의 작고한 지도자 토니 클리프가 그 정수를 뽑아 알기 쉽게 설명한 입문서다. 저자는 룩셈부르크가 독일 사회민주당을 비롯한 제2인터내셔널의 개혁주의자들에 맞서 혁명적 사회주의 전통  즉 노동계급의...
헤테로토피아,10800,10,2014-05-01,문학과지성사,인문,『헤테로토피아』는 사유 실험 속에서 탄생한 푸코의 논쟁적이고도 다성적인 에세이이다. 푸코가 유토피아와 대비되는 공간으로 독자적인 개념화를 시도했다가 일찌감치 포기해버린 미완의 개념인 '헤테로토피아'와 관련된 논의를 담은 푸코의 에세이들을 모아 번역한 것이다.
라케스,8100,8,2014-04-01,EJB(이제이북스),인문,플라톤이 남긴 영원한 고전 가운데 한 편인 《라케스》는 ‘자녀를 어떻게 교육할 것인가?’와 ‘참된 용기란 무엇인가?’에 대하여 다룬 책이다. ‘중무장 전투술’ 시범을 보고 나온 뤼시마코스와 멜레시아스는 이것이 자녀에게 가르칠 만한 가치가 있는 것인지를 놓고 고민한다. 아테네의 명망 높은 정치인으로서 많은 ...
인문학 명강 서양고전,15300,9.1,2014-02-01,21세기북스,인문,2013년에 발간된 베스트셀러 『인문학 명강 동양고전』에 이어 시리즈로 출간된 이 책은  현대인들이 꼭 알아야 할 서양 고전의 정수만을 모았다. 서울대학교와 플라톤아카데미에서 주관한 ‘서양 고전  인간을 말하다’ 강연을 책으로 엮은 것으로  이 강연은 이미 2만 명 청중들의 열광적인 반응을 불러일으킨 바 있다. ...
지적 사기,16200,9,2014-01-01,한국경제신문사(한경비피),인문,현대 지성인들의 자존심을 사정없이 짓밟은 세기의 문제작! 라캉  보드리야르  크리스테바  들뢰즈 등 현대 철학의 지적 남용을 과학적으로 폭로한 책이다. 이 책의 저자들 중 한 사람인 앨런 소칼은 1996년 미국의 문화 연구 전문지 〈소셜 텍스트〉를 상대로 한 편의 패러디 논문을 투고하는데  이는 당시 학계 일각을 휩...
쇼펜하우어의 『의지와 표상으로서의 세계』 읽기,8100,,2013-12-01,세창미디어,인문,칸트가 ‘근대’의 완성자라면 쇼펜하우어는 ‘현대’의 프로듀서라고 할 수 있다. 쇼펜하우어의 철학에는 칸트의 현상  플라톤의 가상  베단타의 마야에 비견할 수 있는 ‘표상’의 개념과 칸트의 물자체  플라톤의 이데아  베단타의 삼신에 해당하는 ‘의지’의 개념이 상관적인 파노라마를 연출한다. 따라서 쇼펜하우어...
몽테뉴 수상록,22500,8,2013-08-01,육문사,인문,인간이 인간답게 살 수 있는 여지를 깨우쳐 주는 프랑스 정신의 아버지 몽테뉴!영원불변한 절대적인 진리가 아니면 안 된다는 삶이라는 여행에 가져갈 수 있는 최고의 양식. 인간이 인간답게 살려면 어떻게 살 것인가? 살아 있는 동안 내내 어떻게 살 것인가를 고민한 인류의 영원한 스승 몽테뉴 자신의 체험에 몰두한 인생...
도덕과 입법의 원칙에 대한 서론,33250,,2013-05-01,아카넷,인문,‘최대 다수의 최대 행복’ 혹은 공리의 원칙에 대한 벤담의 심오한 철학적 분석을 담고 있으며  그를 근대 철학사의 한 중요 인물로 끌어올린 대표작이다. 벤담의 저술 활동의 시작과 끝은 영국의 관습법을 비롯하여 자신이 관심이 있었던 세계 여러 나라의 법률과 정책에 대한 비판과 개혁안이었다. 이런 비판과 개혁안은...
니체를 쓰다,6300,9.3,2013-02-01,세창미디어,인문,슈테판 츠바이크가 니체를 말한다!자신만의 독특한 스타일로 최고의 전기 작가로 인정받는 슈테판 츠바이크는 이 책에서 니체라는 세계적인 사상가가 자신의 인생에서 어떻게 자기의지를 펼치고 살았으며  또 어떻게 인류사에 깊은 영향을 미치게 되었는가를 보여준다. 그럼에도 여기서 츠바이크가 은밀히 꾀하는 것은 소설...
쇼펜하우어의 행복론과 인생론,16200,7.7,2013-02-01,을유문화사,인문,쇼펜하우어만의 유쾌한 행복의 기술과 명랑한 삶의 예지『쇼펜하우어의 행복론과 인생론』은 쇼펜하우어에게 세속적인 성공을 안겨준 『소품과 부록』을 우리말로 옮긴 것으로  ‘소품’에서 삶의 지혜를 위한 아포리즘을  ‘부록’에서 인생과 관련되는 여러 유익한 글들을 추려서 실었다. 쇼펜하우어는 삶의 지혜라는 개...
공부하는 삶,13500,7.8,2013-02-01,유유,인문,배우고 익히는 즐거움지성을 어떻게 만들어야 하는가?한국 독자에게는 낯설 이름일 프랑스의 수도사 세르티양주는 『신학대전』으로 가톨릭 신앙을 집대성한 성 토마스 아퀴나스를 연구한 권위자이다. 『공부하는 삶』은 그가 쓴 책 가운데 현재까지도 널리 읽히고 가장 유명한 책이다. 1920년에 초판이 발간된 이 책은 프...
비트겐슈타인 논리철학론,17100,,2012-04-01,서광사,인문,『논리철학론』은 비트겐슈타인이 생전에 출판한 유일한 저서로  20세기에 간행된 중요한 철학 책 중의 한 권이다. 러셀과 프레게 등 선배 철학자들이 탐구한 철학적 성과들을 압축해서 담고 있으며  간결하면서도 힘차고 놀랄 만큼 강력한 문체로 철학자들은 물론 일반 독자들의 철학적 상상을 자극한다. 비트겐슈타인은 ...
인정투쟁,20700,7,2011-08-01,사월의책,인문,현존하는 가장 중요한 철학자 중 한 명인 악셀 호네트의 대표작 출간 이후 철학과 정치학을 혁신하며 사회이론의 지평을 확장시킨 '현대의 고전'이다. 호네트는 이 책에서 다양한 사회 문제 뒤에 감춰진 사회적 투쟁의 근본 원인을 밝혀낸다. 어떻게 무시와 모욕이 사람들의 분노를 일으키고  마침내 폭동이나 봉기의 원인...
인간지성론,16200,7,2011-08-01,동서문화사,인문,
철학자가 눈물을 흘릴 때,8550,10,2011-04-01,김영사,인문,'염세주의자' 쇼펜하우어  '허무주의자' 니체라는 선입견을 깨버리다.저자는 철학자로서 산다는 것과 철학자로 죽는다는 것에 대해 의문을 품는다. 이것이 쇼펜하우어와 니체의 삶의 자취를 찾아가면서 떠오른 물음이고  이 물음에 대한 답을 찾는 여정을 풀어 놓는다. 철학을 자기 자신만에 의한  자기 자신만을 위한 철학...
자본 3-1,31500,,2010-08-01,길,인문,『노동자 계급의 성서』라고 불릴 정도로  『자본』은 인류 역사상 가장 큰 파급력을 지닌 저술 중 하나이며  마르크스 사상의 '정수'를 이루고 있다. 마르크스의 사상에 동의를 하든  그렇지 않든 『자본』은 반드시 읽어보아야 할 필독서가 되었으며  엄청난 현실 파급력을 보여 주었다. 엄혹했던 군사독재 시절에 익명으...
충족이유율의 네 겹의 뿌리에 관하여,15000,,2010-06-01,나남,인문,『충족이유율의 네 겹의 뿌리에 관하여』는 쇼펜하우어가 1813년에 완성하여 1847년에 개정증보한 박사학위 논문으로  인식주체의 선천적 능력에 관한 쇼펜하우어의 생각이 압축적으로 표현된  그의 철학 전체의 핵심이 되는 작품이라 일컬어 진다. 쇼펜하우어에 따르면 이 논문은 그의 주저『의지와 표상으로서의 세계』의...
정치학,23400,8.7,2009-08-01,숲,인문,고대 세계의 학문을 체계적으로 정립한 학문의 아버지로 불리는 아리스토텔레스의 『정치학』 원전을 번역한 책이다. 이 책은 국가의 문제를 그 주제로 다루며 국가의 형성  구조  바람직한 국가 형태에 관한 고찰과 더불어 정체론  통치 기술 등에 관해 기술한다. 국가가 개인에 우선한다며 인간의 사회성을 강조한 까닭에...
칸트의 역사철학,13500,,2009-06-01,서광사,인문,칸트가 역사 철학에 관하여 쓴 논문들을 한 권으로 엮은 것으로  콤포스트(R. Composto)와 같은 칸트 연구가는 “역사 철학에 관한 칸트의 논문들을 한데 묶으면 제4비판서를 구성할 수도 있을 것”이라고 주장했을 정도로 중요성을 띄고 있다. 또한 역자는 이 책을 통해 칸트의 역사 철학이 『순수 이성 비판』에서 다룬 ...
푸코 &amp; 하버마스,8550,9.4,2009-06-01,김영사,인문,과학적 진리의 이름으로 벌어지는 교묘한 폭력인가  소통의 가능성을 내표한 미완의 프로젝트인가? 서양사를 꿰뚫는 날카로운 통찰! 그 속에서 펼쳐지는 근대사회에 대한 진지한 성찰과 탐구!인류에게 자유  평등  해방의 이념을 일깨우며 서구 근대사회의 밑거름이 된 이성. 하지만 식민주의와 세계대전 등 자신의 기치와 ...
판단력 비판,39900,8,2009-05-01,아카넷,인문,『순수이성비판』  『실천이성비판』과 함께 칸트 철학을 대표하는 3대 비판서 중 하나이다. 『순수이성비판』이 형이상학과 인식 이론에 관한 문제를 논하고  『실천이성비판』이 실천철학의 근본 문제를 다룸으로써 진(眞)과 선(善)의 문제를 각각 논의한 것이라면  『판단력비판』은 미(美)의 문제를 천착한 것이다. 또...
자유론,9000,8,2009-03-01,문예출판사,인문,오랫동안 ‘자유’를 체제와 국가의 근본이념으로 삼아온 한국 사회에서 『자유론』이 갖고 있는 ‘고전’으로서의 가치와 ‘원리’로서의 가치를 탐색하면서 21세기 한국에서 여전히 긴요한 과제인 국가로부터 개인의 자유와 지방자치  그리고 교육자치 등의 문제를 파고든다.
자크 라캉,4320,10,2008-10-01,살림출판사,인문,"라캉의 정신분석 이론에 대한 쉽고 충실한 입문서이다. 이 책은 자크 라캉의 이론 중 ""욕망의 윤리""라는 하나의 핵심 주제에 집중하여 독자들이 라캉의 독특한 매력을 느낄 수 있도록 구성하였다. 저자는 특히 욕망과 쾌락이 지닌 정치적 가능성을 드러내고 싶어하였는데  이 책을 통해서 욕망의 정치와 쾌락의 윤리가 자유..."
역사의 개념에 대하여/폭력비판을 위하여/초현실주의 외,19800,8,2008-06-01,길,인문,발터 벤야민이 1940년 마지막으로 쓴 역작으로 일명 '역사철학테제'라고도 불리는 책이다. 저자에게 '사상'의 문제는 언제나 '지식인'의 관점에서 무엇이 위기에 처한 인류의 문제를 고뇌할 수 있게 하는가였다. 그것은 바로 지식인이 가져야 하고 가질 수밖에 없는 정치적ㆍ사회적 역할과 기능에 대한 신랄한 자기비판적 ...
